ID	Label	Type (is-a)	Synonym	Description	PMIDxref	Assay type	TermEditor
ID	A rdfs:label	C %	A efo:alternative_term	A obo:IAO_0000115	A efo:PMID_definition_citation	C realizes some ('analyte role' and (role_of some %))	A obo:IAO_0000117
efo:EFO_0008638	2b-RAD	assay		Genotyping technique for population structure inferences	PMID:22609625	DNA	Dani Welter
efo:EFO_0008639	2P-Seq	assay		Poly(A)-primed sequencing (2P-seq) to quantify usage of known poly(A) sites	PMID:24072873	RNA	Dani Welter
efo:EFO_0008640	3'T-fill	assay		Strand-specific 3’-end RNA-seq	PMID:23295673	RNA	Dani Welter
efo:EFO_0008641	3’-end-seq	assay		3’-end regions of transcripts (3’-end-seq)	PMID:22467213	RNA	Dani Welter
efo:EFO_0008642	3’NT method	assay		3’ End of nascent transcripts (3’NT)	PMID:24606920	RNA	Dani Welter
efo:EFO_0008643	3′-Seq	assay		3’-Seq to detect 3’ UTR isoforms	PMID:24145798	RNA	Dani Welter
efo:EFO_0008644	3P-Seq	assay		Poly(A)-position profiling by sequencing (3P-Seq)	PMID:21085120	RNA	Dani Welter
efo:EFO_0008645	3-Seq	assay	3Seq	3’-end sequencing for expression quantification (3SEQ) from FFPE samples	PMID:20098735	RNA	Dani Welter
efo:EFO_0008646	4sUDRB-seq	assay		Gene-specific differences in elongation rates in vivo (4sUDRB-seq)	PMID:24887486	RNA	Dani Welter
efo:EFO_0008647	5’-GRO-seq	assay		Detect nascent RNA with a 5’ 7-methylguanylated cap (5’-GRO-seq)	PMID:23728303	RNA	Dani Welter
efo:EFO_0008648	5PSeq	assay		Profiles the genome-wide abundance of mRNA degradation intermediates by their 5′-phosphorylated ends (5PSeq)	PMID:26820793	RNA	Dani Welter
efo:EFO_0008649	Aba-seq	assay		AbaSI coupled with sequencing (Aba-seq)	PMID:23352666	DNA	Dani Welter
efo:EFO_0008650	Advanved Chia-PET	assay		Advanced or long read ChIA-PET uses Tn5 transposases	PMID:26686651	DNA	Dani Welter
efo:EFO_0008651	AGO-CLIP	assay		Map miRNA binding to AGO sites in C. elegans	PMID:24857550	RNA	Dani Welter
efo:EFO_0008652	AHT-ChIP-Seq	assay		Automated high-throughput ChIP-seq (AHT-ChIP-seq)	PMID:24200198	DNA	Dani Welter
efo:EFO_0008653	ARS-Seq	assay		Autonomously replicating sequence assay (ARS-seq)	PMID:23241746	DNA	Dani Welter
efo:EFO_0008654	Bar-Seq	assay		Multiplexed barcode sequencing (Bar-seq)	PMID:19622793	genomic DNA	Dani Welter
efo:EFO_0008655	Barcode-Seq	assay		Characterize phenotypes of hundreds of different AAV strains	PMID:24435020	DNA	Dani Welter
efo:EFO_0008656	BisChIP-Seq	assay		Bisulfite-treated chromatin immuno-precipitated DNA (BisChIP-seq), to correlate protein modifications with DNA methylation	PMID:22466171	DNA	Dani Welter
efo:EFO_0008657	BLESS	assay		Breaks labeling, enrichment on streptavidin and sequencing (BLESS)	PMID:23503052	DNA	Dani Welter
efo:EFO_0008658	BrdU-CLIP	assay		iCLIP with BrdU affinity purification (BrdU-CLIP)	PMID:24613350	RNA	Dani Welter
efo:EFO_0008659	Break-seq	assay		Double-stranded break labeling to map chromosome breaks (Break-seq)	PMID:25609572	DNA	Dani Welter
efo:EFO_0008660	BRIC-seq	assay		5’-Bromo-uridine immunoprecipitation chase (BRIC-Seq)	PMID:22369889	RNA	Dani Welter
efo:EFO_0008661	Bru-Seq	assay		Bromouride labeling and sequencing (Bru-Seq)	PMID:23345452	RNA	Dani Welter
efo:EFO_0008662	BruChase-Seq	assay		Bromouridine pulse-chase and sequencing (BruChase-Seq)	PMID:23345452	RNA	Dani Welter
efo:EFO_0008663	BruDRB-seq	assay		BruDRB-seq— to reveal gene-specific differences in elongation rates	PMID:24714810	RNA	Dani Welter
efo:EFO_0008664	BruUV-Seq	assay		an approach that complements the Bru-seq technique by enhancing nascent RNA signal around promoters and enhancers genome-wide in intact cells	PMID:26656874	RNA	Dani Welter
efo:EFO_0008665	BS-Seq	assay		Bisulfite conversion of genomic DNA (bs-Seq)	PMID:19829295	DNA	Dani Welter
efo:EFO_0008666	BSAS	assay		Bisulfite amplicon sequencing (BSAS)	PMID:24279302	DNA	Dani Welter
efo:EFO_0008667	BSPP	assay		Bisulfite sequencing with padlock probes (BSPP)	PMID:19330000	DNA	Dani Welter
efo:EFO_0008668	CAB-Seq	assay		Chemical modification-assisted bisulfite sequencing (CAB-Seq) for 5caC detection	PMID:23758547	DNA	Dani Welter
efo:EFO_0008669	CAGEscan	assay		CAGEscan: a mate-pair adaptation of nanoCAGE that captures the transcript 5′ ends linked to a downstream region	PMID:20543846	RNA	Dani Welter
efo:EFO_0008670	caMAB-seq	assay		5caC methylase-assisted bisulfite sequencing (caMAB-seq)	PMID:27172168	DNA	Dani Welter
efo:EFO_0008671	CAP-seq	assay		CXXC affinity purification plus deep sequencing (CAP-seq)	PMID:20885785	DNA	Dani Welter
efo:EFO_0008672	Capp-Seq	assay		Cancer personalized profiling by deep sequencing (CAPP-Seq)	PMID:24705333	DNA	Dani Welter
efo:EFO_0008673	CapSeq	assay	Cap-Seq	5’ anchored profiling of Pol II transcripts (CapSeq). Identifies pre-mRNAs, transspliced mRNAs, miRNAs, and noncoding RNAs	PMID:23260138	RNA	Dani Welter
efo:EFO_0008674	Capture-HiC	Chromosome conformation capture assay		Chromatin conformation capture (Capture-HiC)	PMID:24413732	DNA	Dani Welter
efo:EFO_0008675	CaptureSeq	assay		RNA capture sequencing (CaptureSeq)	PMID:24705597	RNA	Dani Welter
efo:EFO_0008676	CAST-ChIP	assay		Chromatin affinity purification from specific cell types by chromatin immunoprecipitation (CAST-ChIP)	PMID:24095734	DNA	Dani Welter
efo:EFO_0008677	CATCH-IT	assay		Covalent attachment of tags to capture histones (CATCH‑IT)	PMID:20508129	DNA	Dani Welter
efo:EFO_0008678	CATCH-seq	assay		Capture of Associated Targets on CHromatin (CATCH)	PMID:27634217	DNA	Dani Welter
efo:EFO_0008679	CEL-Seq	assay		Cell expression by linear amplification and sequencing (CEL-Seq)	PMID:22939981	RNA	Dani Welter
efo:EFO_0008680	ChAP-seq	assay		Chromatin affinity precipitation (ChAP)-seq	PMID:26789284	DNA	Dani Welter
efo:EFO_0008681	CHART	assay		Capture hybridization analysis of RNA targets (CHART)	PMID:22143764	RNA	Dani Welter
efo:EFO_0008682	ChEC-seq	assay		Chromatin endogenous cleavage	PMID:26490019	genomic DNA	Dani Welter
efo:EFO_0008683	Chem-Seq	assay		Chem-seq: to identify the sites bound by small chemical molecules	PMID:24336317	DNA	Dani Welter
efo:EFO_0008684	Chia-PET	assay		ChIA-PET: chromatin interaction analysis by paired-end tag sequencing	PMID:20181287	DNA	Dani Welter
efo:EFO_0008685	ChIP-BS-seq	assay		Bisulfite-treated chromatin immunoprecipitated DNA (ChIP-BS-seq), to correlate protein modifications with DNA methylation	PMID:22466170	DNA	Dani Welter
efo:EFO_0008686	ChIPmentation	assay		Fast, robust, low-input ChIP-seq for histones and transcription factors	PMID:26280331	DNA	Dani Welter
efo:EFO_0008687	ChIRP	assay		Chromatin Isolation by RNA Purification (ChIRP)	PMID:21963238	RNA	Dani Welter
efo:EFO_0008688	CIP-TAP	assay		CIP-TAP for identifying capped small RNA (csRNA) species	PMID:23260138	RNA	Dani Welter
efo:EFO_0008689	Circle-Seq	assay		Extrachromosomal circular DNA sequencing (Circle-Seq)	PMID:26038577	DNA	Dani Welter
efo:EFO_0008690	CIRS-seq	assay		Chemical inference of RNA structures (CIRS-seq)	PMID:25323333	RNA	Dani Welter
efo:EFO_0008691	CirSeq	assay		Identify low abundance RNA viruses with circular sequencing (CirSeq)	PMID:24284629	RNA	Dani Welter
efo:EFO_0008692	CLaP	assay		Cell labeling via photobleaching (CLaP)	PMID:27198043	RNA	Dani Welter
efo:EFO_0008693	CLASH	assay		Crosslinking, ligation, and sequencing of hybrids (CLASH)	PMID:21610164	RNA	Dani Welter
efo:EFO_0008694	ClickSeq	assay		Generate RNAseq libraries from stochastically terminated 3’-azido-blocked cDNA fragments (ClickSeq)	PMID:26116762	RNA	Dani Welter
efo:EFO_0008695	CNV-Seq	assay		Copy number variation sequencing (CNV-Seq)	PMID:19267900	DNA	Dani Welter
efo:EFO_0008696	COPRO-seq	assay		Community profiling by sequencing	PMID:26430127	DNA	Dani Welter
efo:EFO_0008697	cP-RNA-Seq	assay		2',3'-cyclic phosphate (cP) RNA sequencing (cP-RNA-Seq)	PMID:26124144	RNA	Dani Welter
efo:EFO_0008698	CPT-seq	assay		Contiguity-preserving transposition sequencing (CPT-seq)	PMID:25326703	DNA	Dani Welter
efo:EFO_0008699	CRE-Seq	assay		Cis-regulatory elements (CREs) sequencing	PMID:23129659	DNA	Dani Welter
efo:EFO_0008700	CREST-seq	assay		Cis-regulatory element scan by tiling-deletion and sequencing (CREST-seq)	PMID:28417999	DNA	Dani Welter
efo:EFO_0008701	CROP-Seq	assay		CRISPR droplet sequencing (CROP-seq)	PMID:28099430	DNA	Dani Welter
efo:EFO_0008702	CrY2H-seq	assay		Massively multiplexed assay for deep-coverage interactome mapping (CrY2H-seq)	PMID:28650476	DNA	Dani Welter
efo:EFO_0008703	CytoSeq	assay		Gene expression cytometry (CytoSeq)	PMID:25657253	RNA	Dani Welter
efo:EFO_0008704	DamID	assay		DNA adenine methyltransferase interaction detection (DamID)	PMID:17545983	DNA	Dani Welter
efo:EFO_0008705	DAP-seq	assay		DNA affinity purification sequencing	PMID:28726847	DNA	Dani Welter
efo:EFO_0008706	DArTSeq	assay		SNP genotyping-by-sequencing with double-enzymatic digestion of DArT markers (DArTSeq)	PMID:28533412	DNA	Dani Welter
efo:EFO_0008707	ddRADseq	assay		Double digest restriction-site associated DNA marker generation (ddRADseq)	PMID:22675423	DNA	Dani Welter
efo:EFO_0008708	DeepCAGE	assay		High throughput Cap-analysis gene expression (CAGE)	PMID:19074369	RNA	Dani Welter
efo:EFO_0008709	Digenome-seq	assay		In vitro Cas9-digested whole-genome sequencing to profile genome-wide Cas9 off-target effects (Digenome-seq)	PMID:25664545	DNA	Dani Welter
efo:EFO_0008710	Digital RNA	assay	Digital RNA Sequencing	Digital RNA: unique molecular barcodes are added after cDNA synthesis	PMID:22232676	RNA	Dani Welter
efo:EFO_0008711	DIP-seq	assay		DNA immunoprecipitation followed by high throughput sequencing (DIP-seq))	PMID:23602152	DNA	Dani Welter
efo:EFO_0008712	DLAF	assay		Directly ligate sequencing adaptors to the first-strand cDNA (DLAF)	PMID:25607527	RNA	Dani Welter
efo:EFO_0008713	DMS-MapSeq	assay		Dimethyl Sulfate Mutational Profiling with Sequencing	PMID:27819661	RNA	Dani Welter
efo:EFO_0008714	DMS-Seq	assay		DMS treatment coupled to a massively parallel sequencing (DMS-seq)	PMID:24336214	RNA	Dani Welter
efo:EFO_0008715	Dnase I SIM	assay		Dnase I simplified in-nucleus method (Dnase I SIM) for plants	PMID:26339280	DNA	Dani Welter
efo:EFO_0008716	DNase-Seq	assay		DNase I hypersensitive sites sequencing (DNase-Seq)	PMID:18243105	DNA	Dani Welter
efo:EFO_0008717	DNaseI-Seq	assay		DNase I hypersensitive sites sequencing (DNaseI-Seq)	PMID:19305407	DNA	Dani Welter
efo:EFO_0008718	DP-Seq	assay		Designed Primer-based RNA-sequencing strategy (DP-seq)	PMID:23624976	RNA	Dani Welter
efo:EFO_0008719	dRNA-Seq	assay		Differential RNA-Seq (dRNA-Seq)	PMID:27519343	RNA	Dani Welter
efo:EFO_0008720	DroNc-Seq	assay		Massively parallel sNuc-Seq with droplet technology	PMID:28846088	RNA	Dani Welter
efo:EFO_0008721	Drop-ChIP	assay		Droplet-based single-cell ChIP-seq (Drop-ChIP)	PMID:26458175	DNA	Dani Welter
efo:EFO_0008722	Drop-Seq	assay		Analyze mRNA transcripts from individual cells in droplets (Drop-seq)	PMID:26000488	RNA	Dani Welter
efo:EFO_0008723	Droplet-CirSeq	assay		Ultra-precise detection of mutations by droplet-based amplification of circularized DNA	PMID:26960407	DNA	Dani Welter
efo:EFO_0008724	DSB-seq	assay		Map DNA double-strand breaks	PMID:25056547	DNA	Dani Welter
efo:EFO_0008725	DSBCapture	assay		Mapping of double-steand DNA breaks	PMID:27525976	DNA	Dani Welter
efo:EFO_0008726	dsRNA-Seq	assay		Double-stranded RNA sequencing (dsRNA-Seq)	PMID:20941385	RNA	Dani Welter
efo:EFO_0008727	Duplex-Seq	assay		Duplex sequencing detects very rare mutations by sequencing and aligning both strands of the DNA	PMID:22853953	DNA	Dani Welter
efo:EFO_0008728	EC-seq	assay		Excision circle sequencing (EC-seq)	PMID:25367293	DNA	Dani Welter
efo:EFO_0008729	END-seq	assay		DNA end resection and DSB discovery	PMID:27477910	DNA	Dani Welter
efo:EFO_0008730	EnIGMA	assay		Enzyme-assisted Identification of Genome Modification Assay	PMID:28204635	DNA	Dani Welter
efo:EFO_0008731	EPIG-Seq	assay		Extracting patterns and identifying genes methodology for RNA-Seq (EPIG-Seq)	PMID:27004791	RNA	Dani Welter
efo:EFO_0008732	epiGBS	assay		Reference-free reduced representation bisulfite sequencing (epiGBS)	PMID:26855363	DNA	Dani Welter
efo:EFO_0008733	eWGA	assay		Emulsion Whole-Genome Amplification	PMID:26340991	DNA	Dani Welter
efo:EFO_0008734	ezRAD	assay		Reduce costs of the original RAD-seq protocol (ezRAD-seq)	PMID:24282669	DNA	Dani Welter
efo:EFO_0008735	FACS-seq	assay		Fluorescence-activated cell sorting and deep sequencing	PMID:26816383	RNA	Dani Welter
efo:EFO_0008736	Fast-ATAC	ATAC-seq		ATAC-seq optimized for blood cells	PMID:27526324		Dani Welter
efo:EFO_0008737	FAST-iCLIP	assay		Integrated pipeline with improved CLIP biochemistry and an automated informatic pipeline (FAST-iCLIP)	PMID:25411354	RNA	Dani Welter
efo:EFO_0008738	FAST-SeqS	assay		Efficient method for the detection of aneuploidy by massively parallel sequencing	PMID:22815955	DNA	Dani Welter
efo:EFO_0008739	fC-CET	assay		Whole-genome analysis of 5fC based on selective chemical labeling (fC-CET)	PMID:26344045	DNA	Dani Welter
efo:EFO_0008740	fC-Seal	assay		A 5-formylcytosine-selective chemical labeling (fC-Seal) approach for genome-wide profiling of 5fC	PMID:23602153	DNA	Dani Welter
efo:EFO_0008741	fCAB-Seq	assay		5fC chemical modification-assisted bisulfite sequencing (fCAB-seq)	PMID:23602153	DNA	Dani Welter
efo:EFO_0008742	FISSEQ	assay		Fluorescent in situ RNA sequencing (FISSEQ)	PMID:24578530	RNA	Dani Welter
efo:EFO_0008743	FiT-Seq	assay		Fixed-tissue chromatin immunoprecipitation sequencing (FiT-Seq)	PMID:27111282	DNA	Dani Welter
efo:EFO_0008744	FlowSeq	assay		FACS followed by DNA extraction, SD-sequence amplification and sequencing (Flow-seq).	PMID:23924614	DNA	Dani Welter
efo:EFO_0008745	Frag-seq	assay		Fragmentation sequencing (Frag-seq)	PMID:21057495	RNA	Dani Welter
efo:EFO_0008746	FREQ-Seq	assay		Quantitative allele frequency detection with the use of barcodes (FREQ-Seq)	PMID:23118913	RNA	Dani Welter
efo:EFO_0008747	FRISCR	assay		Fixed and recovered intact single-cell RNA (FRISCR)	PMID:26524239	RNA	Dani Welter
efo:EFO_0008748	FRT-Seq	assay		Flowcell reverse transcription sequencing (FRT-seq) for strand-specific RNA-Seq	PMID:22015844	RNA	Dani Welter
efo:EFO_0008749	Fusion-seq	assay		Identify fusion transcripts from paired-end RNA-sequencing	PMID:20964841	RNA	Dani Welter
efo:EFO_0008750	G4 ChIP-seq	assay		Antibody-based G4 chromatin immunoprecipitation and high-throughput sequencing	PMID:27618450	DNA	Dani Welter
efo:EFO_0008751	G4-seq	assay		Determine the location of potential G-quadruplexes in DNA (G4-seq)	PMID:26192317	DNA	Dani Welter
efo:EFO_0008752	GMUCT 1.0	assay		Genome-wide mapping of uncapped transcripts (GMUCT)	PMID:18486559	RNA	Dani Welter
efo:EFO_0008753	GMUCT 2.0	assay		Genome-wide mapping of uncapped transcripts (GMUCT)	PMID:23867340	RNA	Dani Welter
efo:EFO_0008754	GRIL-seq	assay		Global small non-coding RNA target identification by ligation and sequencing (GRIL-seq)	PMID:28005055	RNA	Dani Welter
efo:EFO_0008755	GRIP	assay		Gamma-retrovirus integration profiling (GRIP)	PMID:27097319	DNA	Dani Welter
efo:EFO_0008756	GRO-CAP	assay		Global run-on protocol called GRO-cap, which captures TSSs for both stable and unstable transcripts	PMID:25383968	RNA	Dani Welter
efo:EFO_0008757	gSELEX-Seq	assay		Genomic systematic evolution of ligands by exponential enrichment (gSELEX-Seq)	PMID:27411092	RNA	Dani Welter
efo:EFO_0008758	GT-seq	assay		Genotyping-in-Thousands by sequencing (GT-seq)	PMID:25476721	DNA	Dani Welter
efo:EFO_0008759	GTI-Seq	assay		Ribo-Seq: Ribosome profiling Global translation initiation sequencing (GTI-Seq)	PMID:24203712	RNA	Dani Welter
efo:EFO_0008760	GUIDE-seq	assay		Genome-wide, unbiased identification of DSBs enabled by sequencing (GUIDE-seq), to profile off-target cleavage by CRISPR-Cas nucleases	PMID:25513782	DNA	Dani Welter
efo:EFO_0008761	HELP-Seq	assay		HpaII tiny fragment enrichment by ligation-mediated PCR (HELP-Seq)	PMID:19386619	DNA	Dani Welter
efo:EFO_0008762	hi-CLIP	assay		RNA hybrid and individual-nucleotide resolution ultraviolet crosslinking and immunoprecipitation (hiCLIP)	PMID:25799984	RNA	Dani Welter
efo:EFO_0008763	Hi-SCL	assay		High-throughput Single-Cell Labeling in drop-based microfluidics followed by RNA-seq	PMID:26000628	RNA	Dani Welter
efo:EFO_0008764	Histone meth.	assay		ChIP-Seq of methylated histones (Histone methylation)	PMID:17512414	DNA	Dani Welter
efo:EFO_0008765	HiTS-Flip	assay		High-throughput sequencing: fluorescent ligand interaction profiling (HiTS-FLIP)	PMID:21706015	DNA	Dani Welter
efo:EFO_0008766	HITS-RAP	assay		High-throughput sequencing–RNA affinity profiling (HiTS-RAP)	PMID:24809628	RNA	Dani Welter
efo:EFO_0008767	hMeDIP-seq	assay		Hydroxymethylated DNA immunoprecipitation combined with next generation DNA sequencing (hMeDIP-seq)	PMID:21514197	DNA	Dani Welter
efo:EFO_0008768	HT-ChIP	assay		High-throughput chromatin immunoprecipitation (HT-ChIP)	PMID:23429716	DNA	Dani Welter
efo:EFO_0008769	HT-SELEX	assay		High-throughput systematic evolution of ligands by exponential enrichment (HT-SELEX)	PMID:20378718	DNA	Dani Welter
efo:EFO_0008770	HTGTS	assay		High-throughput genome-wide translocation sequencing (HTGTS)	PMID:21962511	DNA	Dani Welter
efo:EFO_0008771	HydEn-seq	assay		Hydrolytic end sequencing (HydEn-seq) to reveal replicase- and strand-specific patterns of ribonucleotides in the genome	PMID:25622295	DNA	Dani Welter
efo:EFO_0008772	hyRAD	assay		Hybridization RAD (hyRAD)	PMID:26999359	DNA	Dani Welter
efo:EFO_0008773	ICE	assay		Inosine chemical erasing (ICE)	PMID:20835228	RNA	Dani Welter
efo:EFO_0008774	iCLIP	assay		Individual nucleotide resolution CLIP (iCLIP)	PMID:20601959	RNA	Dani Welter
efo:EFO_0008775	icSHAPE	assay		In vivo click selective 2’-hydroxyl acylation and profiling experiment (icSHAPE)	PMID:25799993	RNA	Dani Welter
efo:EFO_0008776	iDES	assay		Integrated digital error suppression (iDES)	PMID:27018799	DNA	Dani Welter
efo:EFO_0008777	Ig-Seq	assay		DNA sequencing of immunoglobulin genes (Ig-seq) for antibody repertoire determination	PMID:23898164	DNA	Dani Welter
efo:EFO_0008778	IMS-MDA	assay		Immunomagnetic separation for targeted bacterial enrichment for MDA (IMS-MDA)	PMID:24202554	DNA	Dani Welter
efo:EFO_0008779	in-cell SHAPE-Seq	assay		Combines in-cell probing of RNA structure with a measurement of gene expression to simultaneously characterize RNA structure and function in bacterial cells	PMID:26350218	RNA	Dani Welter
efo:EFO_0008780	inDrop	assay		Indexing droplets (inDrop)	PMID:26000487	RNA	Dani Welter
efo:EFO_0008781	ini-seq	assay		Initiation site sequencing	PMID:27587586	DNA	Dani Welter
efo:EFO_0008782	INSeq	assay		Insertion sequencing (INSeq)	PMID:19748469	DNA	Dani Welter
efo:EFO_0008783	IVT-SAPAS	assay		In-vitro transcription SAPAS	PMID:26710068	RNA	Dani Welter
efo:EFO_0008784	LAM-HTGTS	assay		Linear amplification-mediated high-throughput genome-wide sequencing (LAM-HTGTS)	PMID:27031497	DNA	Dani Welter
efo:EFO_0008785	LIANTI	assay		Single-cell whole-genome analyses by Linear Amplification via Transposon Insertion	PMID:28408603	DNA	Dani Welter
efo:EFO_0008786	LM-Seq	assay		Ligation mediated RNA sequencing	PMID:25831155	RNA	Dani Welter
efo:EFO_0008787	Look-Seq	assay		determine the genomic consequences of DNA damage in ruptured micronuclei	PMID:26017310	DNA	Dani Welter
efo:EFO_0008788	m1A mapping	assay		High-throughput sequencing for 1-methyladenosine (m1A) mapping in RNA	PMID:26922842	RNA	Dani Welter
efo:EFO_0008789	M6A-RIP	assay		m6A-specific methylated RNA immunoprecipitation (M6A-RIP)	PMID:25456834	RNA	Dani Welter
efo:EFO_0008790	m6A-seq	assay		m6A-specific methylated RNA immunoprecipitation (m6A-seq)	PMID:22575960	RNA	Dani Welter
efo:EFO_0008791	MAF	assay		Molecular amplification fingerprinting	PMID:26998518	DNA	Dani Welter
efo:EFO_0008792	MAINE-Seq	assay		MNase-assisted isolation of nucleosomes (MAINE-Seq).	PMID:20054063	DNA	Dani Welter
efo:EFO_0008793	MALBAC	assay		Multiple annealing and looping-based amplification cycles (MALBAC)	PMID:23258894	DNA	Dani Welter
efo:EFO_0008794	MARDI	assay		Mutation Analysis With Random DNA Identifiers (MARDI)	PMID:26683280	DNA	Dani Welter
efo:EFO_0008795	MARIO	assay		Mapping RNA interactome in vivo (MARIO)	PMID:27338251	RNA	Dani Welter
efo:EFO_0008796	MARS-seq	assay		Massively parallel RNA single-cell sequencing framework	PMID:24531970	RNA	Dani Welter
efo:EFO_0008797	MATQ-seq	assay		Multiple annealing and dC-tailing-based quantitative single-cell RNA-seq (MATQ-seq)	PMID:28092691	RNA	Dani Welter
efo:EFO_0008798	MBDCap-Seq	assay		Methyl-CpG binding domain-based capture and sequencing (MDBCap-seq)	PMID:22968699	DNA	Dani Welter
efo:EFO_0008799	MCC-Seq	assay		MethylC-capture sequencing	PMID:26021296	DNA	Dani Welter
efo:EFO_0008800	MDA	assay		Multiple displacement amplification (MDA)	PMID:11381035	DNA	Dani Welter
efo:EFO_0008801	MDS	assay		Maximum-Depth sequencing	PMID:27338792	DNA	Dani Welter
efo:EFO_0008802	ME-Scan-SVA	assay		A mobile element scanning protocol (ME-Scan-SVA)	PMID:27478512	DNA	Dani Welter
efo:EFO_0008803	MeRIP-Seq	assay		m6A-specific methylated RNA immunoprecipitation with nextgeneration sequencing (MeRIP-Seq)	PMID:22608085	RNA	Dani Welter
efo:EFO_0008804	Methyl-seq	assay		Methyl-seq: uses methyl-sensitive enzymes to identify methylation patterns	PMID:19273619	DNA	Dani Welter
efo:EFO_0008805	MethylCap-Seq	assay		Capture of methylated DNA using the MBD domain of MeCP2 (MethylCap-Seq)	PMID:20542119	DNA	Dani Welter
efo:EFO_0008806	miCLIP-m5A	assay		A customized version of the individual-nucleotide-resolution crosslinking and immunoprecipitation (iCLIP) method (miCLIP)	PMID:23871666	RNA	Dani Welter
efo:EFO_0008807	miCLIP-m6A	assay		m6A individual-nucleotide-resolution cross-linking and immunoprecipitation (miCLIP)	PMID:26121403	RNA	Dani Welter
efo:EFO_0008808	Micro-C XL	assay		Analysis of chromosome folding at mononucleosome resolution (Micro-C XL)	PMID:27723753	DNA	Dani Welter
efo:EFO_0008809	MIDAS	assay		Massively parallel polymerase cloning and genome sequencing of single cells using nanoliter microwells.	PMID:24213699	DNA	Dani Welter
efo:EFO_0008810	middRAD	assay		ddRAD optimized for plants (middRAD)	PMID:27493679	DNA	Dani Welter
efo:EFO_0008811	MiGS	assay		MBD-isolated Genome Sequencing (MiGS)	PMID:19906696	DNA	Dani Welter
efo:EFO_0008812	MINCE-seq	assay		Mapping In vivo Nascent Chromatin with EdU and sequencing (MINCE-seq)	PMID:27062929	DNA	Dani Welter
efo:EFO_0008813	Mint-ChIP	assay		Multiplexed, indexed T7 ChIP-seq	PMID:26687680	DNA	Dani Welter
efo:EFO_0008814	MIPSTR	assay		Targeted capture of STR loci by smMIPs (MIPSTR)	PMID:25659649	DNA	Dani Welter
efo:EFO_0008815	MiR‐CLIP	assay		MicroRNA crosslinking and immunoprecipitation (miR-CLIP)	PMID:25531890	RNA	Dani Welter
efo:EFO_0008816	MIRA	assay		Methylated-CpG island recovery assay (MIRA)	PMID:20304072	DNA	Dani Welter
efo:EFO_0008817	MitoRCA-seq	assay		MitoRCA-seq to detect low-frequency mtDNA point mutations	PMID:26212336	DNA	Dani Welter
efo:EFO_0008818	miTRAP	assay		miRNA trapping by RNA in vitro affinity purification (miTRAP)	PMID:24510096	RNA	Dani Welter
efo:EFO_0008819	mNET-seq	assay		Native elongating transcript sequencing technology for mammalian chromatin (mNET-seq)	PMID:25910207	RNA	Dani Welter
efo:EFO_0008820	Mosaic-Seq	assay		CRISPR barcoding system to jointly measure a cell's transcriptome and its sgRNA modulators	PMID:28416141	DNA	Dani Welter
efo:EFO_0008821	MPE-seq	assay		Methidiumpropyl-EDTA sequencing (MPE-seq)	PMID:26080409	DNA	Dani Welter
efo:EFO_0008822	MPRA	assay		Massively parallel reporter assay (MPRA)	PMID:26576614	DNA	Dani Welter
efo:EFO_0008823	Mseek	assay		A technique to purify and sequence mtDNA	PMID:25653158	DNA	Dani Welter
efo:EFO_0008824	NanoCAGE	assay		nanoCAGE: a method that captures the 5′ ends of transcripts from as little as 10 ng of total RNA	PMID:20543846	RNA	Dani Welter
efo:EFO_0008825	Nanogrid RNA-Seq	assay		High-throughput 3′ single-nucleus RNA sequencing	PMID:28794488	RNA	Dani Welter
efo:EFO_0008826	NET-Seq	assay		Native elongating transcript sequencing (NET-Seq)	PMID:21248844	RNA	Dani Welter
efo:EFO_0008827	NG Capture-C	assay		Next-generation capture-C	PMID:26595209	DNA	Dani Welter
efo:EFO_0008828	Nm-seq	assay		Map 2′-O-methylation sites in human mRNA	PMID:28504680	RNA	Dani Welter
efo:EFO_0008829	NOIR	assay		Non-overlapping integrated reads (NOIR)	PMID:26126624	DNA	Dani Welter
efo:EFO_0008830	NOME-Seq	assay		Nucleosome Occupancy Methylome- Sequencing (NOMe-Seq), a single-molecule nucleosome positioning assay	PMID:21835883	DNA	Dani Welter
efo:EFO_0008831	NS-seq	assay		Nascent strand sequencing (NS-seq) to discover DNA replication origins and G4 structures	PMID:25695952	DNA	Dani Welter
efo:EFO_0008832	NSCR	assay		Nascent strand capture and release (NSCR)	PMID:25762552	DNA	Dani Welter
efo:EFO_0008833	nuc-ChIP-seq	assay		Nucleosome-chromatin immuno-precipitation	PMID:27462443	DNA	Dani Welter
efo:EFO_0008834	Nuc-seq	assay		Micrococcal nuclease mapping of nucleosomes (Nuc-seq)	PMID:20512117	DNA	Dani Welter
efo:EFO_0008835	nuc-seq	assay		Single G2/M nucleus sequencing of cells in S phase (Nuc-seq)	PMID:25079324	DNA	Dani Welter
efo:EFO_0008836	Nucleo-Seq	assay		Nucleo-Seq, to determine nucleosome organization across the genome	PMID:21602827	DNA	Dani Welter
efo:EFO_0008837	OK-Seq	assay		Okazaki Fragment Sequencing	PMID:26751768	DNA	Dani Welter
efo:EFO_0008838	ORGANIC	assay		Occupied regions of genomes from affinity-purified naturally isolated chromatin (ORGANIC)	PMID:23468649	DNA	Dani Welter
efo:EFO_0008839	OS-Seq	assay		Oligonucleotide-selective sequencing (OS-Seq) captures and sequence gene targets on the flow cell	PMID:22020387	DNA	Dani Welter
efo:EFO_0008840	oxBS-Seq	assay		Oxidative bisulfite sequencing (oxBS-Seq) to map 5-methylcytosine and 5-hydroxymethylcytosine	PMID:22539555	DNA	Dani Welter
efo:EFO_0008841	PAIR	assay		Peptide nucleic acid-assisted identification of RBP (PAIR)	PMID:26202289	RNA	Dani Welter
efo:EFO_0008842	Paired VH:VL Antibody Repertoire Analysis	assay		Paired VH:VL Antibody Repertoire Analysis	PMID:23334449	RNA	Dani Welter
efo:EFO_0008843	PAL-seq	assay		Poly(A)-tail length profiling by sequencing (PAL-seq)	PMID:24476825	RNA	Dani Welter
efo:EFO_0008844	PAPERCLIP	assay		High performance mRNA 3' end mapping method based on the CLIP technique	PMID:27050522	RNA	Dani Welter
efo:EFO_0008845	PAR-CLIP	assay		Photoactivatable-Ribonucleoside-Enhanced Crosslinking and Immunoprecipitation (PAR-CLIP)	PMID:20371350	RNA	Dani Welter
efo:EFO_0008846	PARE-Seq	assay		Parallel analysis of RNA ends (PARE)	PMID:18542052	RNA	Dani Welter
efo:EFO_0008847	PARIS	assay		Reversible psoralen crosslinking for global mapping of RNA duplexes in living cells	PMID:27180905	RNA	Dani Welter
efo:EFO_0008848	PARS	assay		Parallel analysis of RNA structure (PARS)	PMID:23558785	RNA	Dani Welter
efo:EFO_0008849	PARTE	assay		Parallel analysis of RNA structures with temperature elevation (PARTE)	PMID:22981864	RNA	Dani Welter
efo:EFO_0008850	PAS-Seq	assay		Poly(A) site sequencing (PAS-Seq)	PMID:21343387	RNA	Dani Welter
efo:EFO_0008851	PAT-Seq	assay		Poly(A)-Test RNA-sequencing	PMID:26092945	RNA	Dani Welter
efo:EFO_0008852	PAT–ChIP	assay		Pathology tissue chromatin immunoprecipitation (PAT-ChIP)	PMID:22082985	DNA	Dani Welter
efo:EFO_0008853	Patch-seq	assay		Combine whole-cell electrophysiological patch-clamp recordings, single-cell RNA-sequencing, and morphological characterization (Patch-Seq)	PMID:26689543	RNA	Dani Welter
efo:EFO_0008854	PB-seq	assay		Protein/DNA binding (PB–seq), to determine the binding energy landscape	PMID:22479205	DNA	Dani Welter
efo:EFO_0008855	PBAT	assay		Post-Bisulfite Adaptor Tagging (PBAT)	PMID:22649061	DNA	Dani Welter
efo:EFO_0008856	PD-Seq	assay		PD-Seq identifies candidate cellular targets for proteins	PMID:23697369	DNA	Dani Welter
efo:EFO_0008857	PDZ-Seq	assay		Proteomic peptide-phage display (ProP-PD) to identify PDZ domains	PMID:20714644	DNA	Dani Welter
efo:EFO_0008858	PE RAD-Seq	assay		Paired-end restriction-site associated DNA marker generation (PE RAD)	PMID:21712251	DNA	Dani Welter
efo:EFO_0008859	PEAT	assay		Paired-end analysis of transcription start sites (PEAT)	PMID:20495556	RNA	Dani Welter
efo:EFO_0008860	Perturb-Seq	assay		Scalable Single-Cell RNA Profiling of Pooled Genetic Screens	PMID:27984732	RNA	Dani Welter
efo:EFO_0008861	PhIP-seq	assay		Phage immunoprecipitation sequencing (PhIP-seq)	PMID:21602805	DNA	Dani Welter
efo:EFO_0008862	PIP-Seq	assay		Protein interaction profile sequencing (PIP-seq)	PMID:24393486	RNA	Dani Welter
efo:EFO_0008863	PLATE-Seq	assay		Geome-wide mRNA profiling methodology to complement high-throughput screening assays	PMID:28740083	RNA	Dani Welter
efo:EFO_0008864	PMA	assay		Phi29 DNA polymerase multiple amplification (PMA)	PMID:23267071	RNA	Dani Welter
efo:EFO_0008865	Pol II CLIP	assay		Crosslinking and immunoprecipitation of Pol II (Pol II CLIP)	PMID:25664725	RNA	Dani Welter
efo:EFO_0008866	Poly(A)-ClickSeq	assay		Sensitive and specific enrichment for poly(A) site junctions without the need for complex samples preparation, fragmentation or purification.	PMID:28449108	RNA	Dani Welter
efo:EFO_0008867	Pool-Seq	assay		Pooled whole-genome re-sequencing (Pool-seq)	PMID:22291611	DNA	Dani Welter
efo:EFO_0008868	PRO-cap	assay		Precision nuclear run-on and sequencing to detect Pol II initiation sites (PRO-cap)	PMID:23430654	RNA	Dani Welter
efo:EFO_0008869	PRO-seq	assay		Precision nuclear run-on and sequencing to detect Pol II pause sites (PRO-seq)	PMID:23430654	RNA	Dani Welter
efo:EFO_0008870	Profiler	assay		Identification of antigenic regions preferentially targeted by polyclonal antibody responses	PMID:27530334	DNA	Dani Welter
efo:EFO_0008871	ProP-PD	assay		Proteomic peptide-phage display (ProP-PD) to identify domain–short linear motif (SLiM) interactions	PMID:24550280	DNA	Dani Welter
efo:EFO_0008872	Pseudo-seq	assay		Pseudo-seq: a method for genome-wide pseudouridine identification	PMID:25192136	RNA	Dani Welter
efo:EFO_0008873	PSI-seq	assay		Pseudouridine site identification sequencing (PSI-seq)	PMID:25353621	RNA	Dani Welter
efo:EFO_0008874	PTB-Seq	assay		Genome-wide mapping of PTB-RNA interactions (PTB-Seq)	PMID:20064465	RNA	Dani Welter
efo:EFO_0008875	Pu-seq	assay		Polymerase usage sequencing (Pu-seq)	PMID:25664722	DNA	Dani Welter
efo:EFO_0008876	Pvu-Seal-seq	assay		Map 5-hydroxymethylcytosine and 5-formylcytosine genome-wide (Pvu-Seal-seq)	PMID:25639471	DNA	Dani Welter
efo:EFO_0008877	Quartz-Seq	assay		Whole-transcript amplification for single-cells (Quartz-Seq)	PMID:23594475	RNA	Dani Welter
efo:EFO_0008878	RAD	assay		Restriction-site associated DNA (RAD) marker generation	PMID:18852878	DNA	Dani Welter
efo:EFO_0008879	RAD-tag	assay		RAD-Tagging for low-coverage shotgun phylogenetics	PMID:24828244	DNA	Dani Welter
efo:EFO_0008880	RAP	assay		RNA antisense purification (RAP)	PMID:23828888	RNA	Dani Welter
efo:EFO_0008881	Rapture	assay		RAD capture (Rapture)	PMID:26715661	DNA	Dani Welter
efo:EFO_0008882	RARseq	assay		Restriction site associated RNA sequencing	PMID:26241739	RNA	Dani Welter
efo:EFO_0008883	RBBS	assay		Reduced-representation bisulfite sequencing (RBBS)	PMID:18600261	DNA	Dani Welter
efo:EFO_0008884	RBNS	assay		RNA Bind-n-Seq (RBNS)	PMID:24837674	RNA	Dani Welter
efo:EFO_0008885	RC-Seq	assay		Retrotransposon capture sequencing (RC-Seq)	PMID:22037309	DNA	Dani Welter
efo:EFO_0008886	RedBS-Seq	assay		Reduced bisulfite sequencing (redBS-Seq), to map 5-formylcytosine (5fC) in DNA	PMID:24755596	DNA	Dani Welter
efo:EFO_0008887	Rep-Seq	assay		DNA sequencing of immunoglobulin genes for antibody repertoire determination (Rep-Seq)	PMID:22043864	DNA	Dani Welter
efo:EFO_0008888	RepeatSeq	assay		A tool for genotyping microsatellite repeats (RepeatSeq)	PMID:23090981	DNA	Dani Welter
efo:EFO_0008889	Repli-Seq	assay		Repli Seq—to map temporally ordered replicating DNA	PMID:19966280	DNA	Dani Welter
efo:EFO_0008890	rG4-seq	assay		RNA G-quadruplex sequencing (rG4-seq)	PMID:27571552	RNA	Dani Welter
efo:EFO_0008891	Ribo-Seq	assay		Ribosome profiling (Ribo-Seq)	PMID:19213877	DNA	Dani Welter
efo:EFO_0008892	RiboMeth-seq	assay		Map 2'-O-methylated riboses in ribosomal RNAs	PMID:28031372	RNA	Dani Welter
efo:EFO_0008893	Ribose-seq	assay		Detect ribonucleotides embedded in DNA (Ribose-seq)	PMID:25622106	DNA	Dani Welter
efo:EFO_0008894	RICC-seq	assay		Radiation-induced spatially correlated cleavage of DNA with sequencing (RICC-seq)	PMID:28024297	DNA	Dani Welter
efo:EFO_0008895	RIL-seq	assay		RNA interaction by ligation and sequencing (RIL-seq)	PMID:29215635	RNA	Dani Welter
efo:EFO_0008896	RNA-Seq	assay		See TruSeq RNA	PMID:18516045	RNA	Dani Welter
efo:EFO_0008897	RNAtag-Seq	assay		Generate multiple RNA-seq libraries in a single reaction (RNAtag-Seq)	PMID:25730492	RNA	Dani Welter
efo:EFO_0008898	RNET-seq	assay		Elongating transcript sequencing (NET-seq) with RNase footprinting of the transcripts (RNET-seq)	PMID:25976475	RNA	Dani Welter
efo:EFO_0008899	RPL	assay		RNA proximity Ligation	PMID:26237516	RNA	Dani Welter
efo:EFO_0008900	RRBS	assay		Reduced representation bisulfite sequencing (RRBS-Seq)	PMID:18600261	DNA	Dani Welter
efo:EFO_0008901	Safe-SeqS	assay		Safe-sequencing system is a unique molecular identifier approach to detect rare variants (Safe-SeqS)	PMID:21586637	DNA	Dani Welter
efo:EFO_0008902	SAPAS	assay		Seqeuencing APA Sites	PMID:21474764	RNA	Dani Welter
efo:EFO_0008903	SC3-seq	assay		Single-cell mRNA3-prime end sequencing followed by 3-prime-end enrichment	PMID:25722368	RNA	Dani Welter
efo:EFO_0008904	scATAC-seq (Microfluidics)	assay		Mapping single cell genomes for transposase-accessible chromatin	PMID:26083756	DNA	Dani Welter
efo:EFO_0008905	scBS-seq	assay		Single-cell bisulfite sequencing (scBS-seq)	PMID:25042786	DNA	Dani Welter
efo:EFO_0008906	scChIP-seq	assay		Droplet-based single-cell ChIP-seq (Drop-ChIP)	PMID:26458175	DNA	Dani Welter
efo:EFO_0008907	scDNase-seq	assay		DNase-seq to detect genome-wide DNase I hypersensitive sites in single cells	PMID:26605532	DNA	Dani Welter
efo:EFO_0008908	SCI-seq	assay		Single-cell combinatorial indexed sequencing (SCI-seq)	PMID:28135258	DNA	Dani Welter
efo:EFO_0008909	SCL-exo	assay		Selective chemical labeling of 5hmC (SCL-exo)	PMID:27025842	DNA	Dani Welter
efo:EFO_0008910	SCMDA	assay		Single-cell multiple displacement amplification (SCMDA)	PMID:28319112	DNA	Dani Welter
efo:EFO_0008911	scMT-Seq	assay		Single-cell methylome and transcriptome sequencing	PMID:27150361	DNA	Dani Welter
efo:EFO_0008912	scRC-Seq	assay		Single-cell retrotransposon capture sequencing (RC-Seq)	PMID:25860606	DNA	Dani Welter
efo:EFO_0008913	scRNA-seq	assay		Single-cell RNA-seq	PMID:19349980	RNA	Dani Welter
efo:EFO_0008914	scRRBS	assay		Single cell RRBS (scRRBS)	PMID:25837417	DNA	Dani Welter
efo:EFO_0008915	scTHS-seq	assay		Single-cell transposome hypersensitive site sequencing (scTHS-seq)	PMID:29227469	DNA	Dani Welter
efo:EFO_0008916	scWGBS	assay		Single cell WGBS optimized for profiling many samples at low coverage	PMID:25732828	DNA	Dani Welter
efo:EFO_0008917	SELEX	assay		Systematic evolution of ligands by exponential enrichment (SELEX-seq)	PMID:20378718	DNA	Dani Welter
efo:EFO_0008918	SELEX-seq	assay		Systematic evolution of ligands by exponential enrichment (SELEX)	PMID:22153072	DNA	Dani Welter
efo:EFO_0008919	Seq-Well	assay		Barcoded mRNA capture beads and single cells are sealed in an array of subnanoliter wells	PMID:28192419	RNA	Dani Welter
efo:EFO_0008920	SeqZip	assay		Improvements on RASL-seq	PMID:25866926	RNA	Dani Welter
efo:EFO_0008921	SHAPE-MaP	assay		Selective 2’-hydroxyl acylation analyzed by primer extension and mutational profiling (SHAPE-MaP)	PMID:25028896	RNA	Dani Welter
efo:EFO_0008922	SHAPE-Seq	assay		Selective 2’-hydroxyl acylation analyzed by primer extension sequencing (SHAPE-Seq)	PMID:21642531	RNA	Dani Welter
efo:EFO_0008923	SiMSen-Seq	assay		Sensitive mutation detection using Sequencing (SiMSen-Seq)	PMID:27060140	DNA	Dani Welter
efo:EFO_0008924	Simul-seq	assay		Combined DNA and RNA sequencing for whole-genome and transcriptome profiling	PMID:27723755	DNA	Dani Welter
efo:EFO_0008925	Single cell ATAC-seq (cell index)	assay		Combinatorial cellular indexing and ATAC-Seq to measure chromatin accessibility in large numbers of sinlge cells	PMID:25953818	DNA	Dani Welter
efo:EFO_0008926	SITE-Seq	assay		Cas9 programmed with single-guide RNAs (sgRNAs)	PMID:28459459	DNA	Dani Welter
efo:EFO_0008927	SLAF-Seq	assay		Specific locus amplified fragment sequencing (SLAF-seq)	PMID:23527008	DNA	Dani Welter
efo:EFO_0008928	SLBS	assay		Single-cell locus-specific bisulfite sequencing (SLBS) measuring DNA methylation	PMID:25897117	DNA	Dani Welter
efo:EFO_0008929	SMA	assay		Semirandom primed PCR-based mRNA transcriptome ampliﬁcation (SMA)	PMID:23267071	RNA	Dani Welter
efo:EFO_0008930	Smart-Seq	assay		Switch mechanism at the 5’ end of RNA templates (Smart)	PMID:22820318	RNA	Dani Welter
efo:EFO_0008931	Smart-seq2	assay		Switch mechanism at the 5’ end of RNA templates (Smart)	PMID:24056875	RNA	Dani Welter
efo:EFO_0008932	SMDB	assay		Single-molecule droplet barcoding	PMID:27353563	DNA	Dani Welter
efo:EFO_0008933	SMiLE-seq	assay		Selective microfluidics-based ligand enrichment followed by sequencing (SMiLE-seq)	PMID:28092692	DNA	Dani Welter
efo:EFO_0008934	SMIT	assay		Single-molecule intron tracking	PMID:27020755	RNA	Dani Welter
efo:EFO_0008935	smMIP	assay		Single molecule molecular inversion probes (smMIPs) for detecting low frequency targets	PMID:23382536	DNA	Dani Welter
efo:EFO_0008936	SMORE-Seq	assay		Simultaneous mapping of RNA ends by sequencing (SMORE-seq)	PMID:24413663	RNA	Dani Welter
efo:EFO_0008937	snDrop-seq	assay		Single-nucleus droplet-based sequencing (snDrop-seq)	PMID:29227469	DNA	Dani Welter
efo:EFO_0008938	SNES	assay		Single nucleus exome sequencing (SNES)	PMID:25853327	DNA	Dani Welter
efo:EFO_0008939	snmC-seq	assay		Single-cell methylomes	PMID:28798132	DNA	Dani Welter
efo:EFO_0008940	snRNA-seq	assay		Single-nuclei RNA-sequencing (snRNA-seq)	PMID:24248345	RNA	Dani Welter
efo:EFO_0008941	sNuc-Seq	assay		A single nucleus RNA-Seq method (sNuc-Seq)	PMID:27471252	RNA	Dani Welter
efo:EFO_0008942	Sono-Seq	assay		Sonication of cross-linked chromatin, (Sono-Seq) to map locations of high chromatin accessibility	PMID:19706456	DNA	Dani Welter
efo:EFO_0008943	SPARE	assay		Speciﬁc parallel ampliﬁcation of 5’ RNA Ends (SPARE) to identify microRNA processing intermediates	PMID:24018204	RNA	Dani Welter
efo:EFO_0008944	SpDamID	assay		Split DamID (SpDamID),	PMID:26257285	DNA	Dani Welter
efo:EFO_0008945	SPET-seq	assay		Structural Probing of Elongating Transcripts	PMID:28934475	RNA	Dani Welter
efo:EFO_0008946	SPLAT	assay		Splinted ligation adapter tagging (SPLAT)	PMID:27899585	DNA	Dani Welter
efo:EFO_0008947	sRNA-Seq	assay		Small RNA seq (sRNA-seq)	PMID:19074682	RNA	Dani Welter
efo:EFO_0008948	SS3-Seq	assay		Strand-specific 3’-end RNA-seq (SS3-Seq)	PMID:20421314	RNA	Dani Welter
efo:EFO_0008949	SSB-Seq	assay		Map DNA single-strand breaks	PMID:25056547	DNA	Dani Welter
efo:EFO_0008950	ssRNA-seq	assay		Strand-specific RNA-seq (ssRNA-seq)	PMID:19609351	RNA	Dani Welter
efo:EFO_0008951	STATseq	assay		Rapid whole-genome sequencing (STATseq)	PMID:25937001	DNA	Dani Welter
efo:EFO_0008952	Strand-seq	assay		Single-cell template strand sequencing	PMID:28492527	DNA	Dani Welter
efo:EFO_0008953	STRT	assay		Single-cell tagged reverse transcription (STRT)	PMID:21543516	RNA	Dani Welter
efo:EFO_0008954	STRT-seq-2i	assay		Dual-index 5ʹ single cell and nucleus RNA-seq	PMID:29180631	RNA	Dani Welter
efo:EFO_0008955	Structure-Seq	assay		Use dimethyl sulphate methylation of unprotected adenines and cytosines (Structure-Seq)	PMID:24270811	RNA	Dani Welter
efo:EFO_0008956	SUPeR-seq	assay		Single-cell universal poly(A)-independent RNA sequencing (SUPeR-seq)	PMID:26201400	RNA	Dani Welter
efo:EFO_0008957	T-WGBS	assay		Tagmentation-based whole-genome bisulfite sequencing (T-WGBS)	PMID:24071908	DNA	Dani Welter
efo:EFO_0008958	TAB-Seq	assay		TET-assisted bisulfite sequencing, (TAB-Seq) to map 5-hydroxymethylcytosine	PMID:22608086	DNA	Dani Welter
efo:EFO_0008959	TaDa	assay		Targeted DamID (TaDa)	PMID:27490632	DNA	Dani Welter
efo:EFO_0008960	TAIL-seq	assay		Measure genome-wide poly(A) tail lengths (TAIL-seq)	PMID:24582499	RNA	Dani Welter
efo:EFO_0008961	TAmC-Seq	assay		Tet-assisted 5-methylcytosine sequencing (TAmC-Seq)	PMID:23443545	DNA	Dani Welter
efo:EFO_0008962	TARDIS	assay		TARDIS, a targeted RNA directional sequencing method for rare RNA discovery.	PMID:26513670	RNA	Dani Welter
efo:EFO_0008963	TATL-seq	assay		Translation-associated TL-seq (TATL-seq)	PMID:23580730	RNA	Dani Welter
efo:EFO_0008964	TC-Seq	assay		Translocation capture sequencing (TC-Seq)	PMID:21962510	DNA	Dani Welter
efo:EFO_0008965	TCC	Chromosome conformation capture assay		Tethered conformation capture (TCC)	PMID:27036078		Dani Welter
efo:EFO_0008966	TCR Chain Paring	assay		Identify T-cell Receptor (TCR) alpha–beta chain pairing in single cells	PMID:23696157	RNA	Dani Welter
efo:EFO_0008967	TCR-LA-MC PCR	assay		TCR ligation-anchored-magnetically captured PCR (TCR-LA-MC PCR)	PMID:26324409	RNA	Dani Welter
efo:EFO_0008968	Term-Seq	assay		Directly sequences exposed RNA 3′ ends in bacteria, yielding a genome-wide map of RNA termini	PMID:27120414	RNA	Dani Welter
efo:EFO_0008969	THS-seq	assay		Transposome hypersensitive sites sequencing (THS-seq)	PMID:26846207	DNA	Dani Welter
efo:EFO_0008970	TIF-Seq	assay		Transcript isoform sequencing (TIF-Seq)	PMID:23615609	RNA	Dani Welter
efo:EFO_0008971	TIVA	assay		Transcriptome in vivo analysis (TIVA)	PMID:24412976	RNA	Dani Welter
efo:EFO_0008972	TL-seq	assay		Enzymatic capture of m7G-capped mRNA 5’ ends (TL-seq)	PMID:23580730	RNA	Dani Welter
efo:EFO_0008973	TN-Seq	assay		Transposon sequencing (TN-Seq)	PMID:23712350	DNA	Dani Welter
efo:EFO_0008974	Tomo-Seq	assay		Combine traditional histological techniques with low-input RNA sequencing (Tomo-seq)	PMID:25417113	RNA	Dani Welter
efo:EFO_0008975	TRAP-Seq	assay		Targeted purification of polysomal mRNA (TRAP-Seq)	PMID:20924354	RNA	Dani Welter
efo:EFO_0008976	TRIBE	assay		Targets of RNA-binding proteins identified by editing (TRIBE)	PMID:27040499	RNA	Dani Welter
efo:EFO_0008977	TruePrime	assay		TthPrimPol-based WGA method for single cells	PMID:27897270	DNA	Dani Welter
efo:EFO_0008978	TSS Sequencing	assay		Transcription Start Site Sequencing	PMID:25905671	RNA	Dani Welter
efo:EFO_0008979	Tuba-seq	assay		Tumor barcoding with ultradeep barcode sequencing	PMID:28530655	DNA	Dani Welter
efo:EFO_0008980	UMI Method	assay		Unique molecular identifiers (UMIs) uniquely identify copies derived from each molecule	PMID:22101854	RNA	Dani Welter
efo:EFO_0008981	VDJ-Seq	assay		VDJ sequencing (VDJ-seq)	PMID:27264181	DNA	Dani Welter
efo:EFO_0008982	VirCapSeq-VERT	assay		Virome capture sequencing platform for vertebrate viruses	PMID:26396248	RNA	Dani Welter
efo:EFO_0008983	VirScan	assay		Analyze antiviral antibodies using immunoprecipitation	PMID:26045439	DNA	Dani Welter
efo:EFO_0008984	WGA-X	assay		Improved genome recovery and integrated cell-size analyses of individual uncultured microbial cells and viral particles	PMID:28729688	DNA	Dani Welter
efo:EFO_0008985	WGBS	assay		Whole-genome bisulfite sequencing (WGBS)	PMID:19829295	DNA	Dani Welter
efo:EFO_0008986	X-ChIP-seq	assay		High resolution of mapping of in vivo chromatin associated proteins	PMID:24737864	DNA	Dani Welter
efo:EFO_0008987	YAMAT-Seq	assay		Y-shaped adapter-ligated mature tRNA sequencing (YAMAT-seq)	PMID:28108659	RNA	Dani Welter
efo:EFO_0008988	Ψ-seq	assay	psi-seq	Pseudouridine site identification sequencing (Ψ-seq)	PMID:25219674	RNA	Dani Welter
