child,label
http://www.ebi.ac.uk/efo/EFO_1001403,Postpartum Thyroiditis
http://www.ebi.ac.uk/efo/EFO_1001436,thyroid nodule
http://www.ebi.ac.uk/efo/EFO_1001466,Graves ophthalmopathy
http://www.ebi.ac.uk/efo/EFO_1001803,lingual thyroid
http://www.ebi.ac.uk/efo/EFO_1001794,fetomaternal transfusion
http://www.ebi.ac.uk/efo/EFO_1002022,Herpes simplex infection
http://www.ebi.ac.uk/efo/EFO_1001883,Dendritic keratitis
http://www.ebi.ac.uk/efo/EFO_0008517,oral lichen planus
http://www.ebi.ac.uk/efo/EFO_1001329,Follicular Cyst
http://www.ebi.ac.uk/efo/EFO_1001871,acquired cold urticaria
http://www.ebi.ac.uk/efo/EFO_1001893,Hand-foot syndrome
http://www.ebi.ac.uk/efo/EFO_1001262,Alternariosis
http://www.ebi.ac.uk/efo/EFO_1001384,"Panniculitis, Peritoneal"
http://www.ebi.ac.uk/efo/EFO_1001777,chloracne
http://www.ebi.ac.uk/efo/EFO_1000673,bullous skin disease
http://www.ebi.ac.uk/efo/EFO_0008606,pemphigus herpetiformis
http://www.ebi.ac.uk/efo/EFO_0008604,IgA pemphigus
http://www.ebi.ac.uk/efo/EFO_0008608,radiotherapy-induced pemphigus
http://www.ebi.ac.uk/efo/EFO_0008605,IgG/IgA pemphigus
http://www.ebi.ac.uk/efo/EFO_0008607,drug-induced pemphigus
http://www.ebi.ac.uk/efo/EFO_0008612,vegetating cicatricial pemphigoid
http://www.ebi.ac.uk/efo/EFO_0008611,localised cicatricial pemphigoid
http://www.ebi.ac.uk/efo/EFO_1000697,exanthem
http://www.ebi.ac.uk/efo/EFO_0009009,Pyoderma gangrenosum-acne-suppurative hidradenitis syndrome
http://www.ebi.ac.uk/efo/EFO_1001814,nephrogenic fibrosing dermopathy
http://www.ebi.ac.uk/efo/EFO_1001804,Livedo reticularis
http://www.ebi.ac.uk/efo/EFO_1001305,"Dermatitis, Perioral"
http://www.orpha.net/ORDO/Orphanet_280356,Familial partial lipodystrophy associated with PLIN1 mutations
http://www.orpha.net/ORDO/Orphanet_79083,Familial partial lipodystrophy associated with PPARG mutations
http://www.orpha.net/ORDO/Orphanet_79084,"Familial partial lipodystrophy, Köbberling type"
http://www.ebi.ac.uk/efo/EFO_1001253,maculopapular eruption
http://www.ebi.ac.uk/efo/EFO_1001494,psoriasis vulgaris
http://www.ebi.ac.uk/efo/EFO_1001423,Shaken Baby Syndrome
http://www.ebi.ac.uk/efo/EFO_1001398,Pneumocephalus
http://www.ebi.ac.uk/efo/EFO_1001766,brain hypoxia
http://www.ebi.ac.uk/efo/EFO_1001311,End Stage Liver Disease
http://www.ebi.ac.uk/efo/EFO_1001487,secondary biliary cirrhosis
http://www.ebi.ac.uk/efo/EFO_0008573,alcoholic liver disease
http://www.ebi.ac.uk/efo/EFO_1001505,cystic liver disease
http://www.ebi.ac.uk/efo/EFO_1001373,Multiple Organ Failure
http://www.ebi.ac.uk/efo/EFO_1001283,"Candidiasis, Invasive"
http://www.ebi.ac.uk/efo/EFO_1001282,Candidemia
http://www.ebi.ac.uk/efo/EFO_1001888,eye infection
http://www.ebi.ac.uk/efo/EFO_1001991,pneumonitis
http://www.ebi.ac.uk/efo/EFO_1001411,Radiation Pneumonitis
http://www.ebi.ac.uk/efo/EFO_0008556,Methicillin-Resistant Staphylococcus Aureus Pneumonia
http://www.ebi.ac.uk/efo/EFO_1001865,ventilator-associated pneumonia
http://www.ebi.ac.uk/efo/EFO_1001386,Pasteurellaceae Infections
http://www.ebi.ac.uk/efo/EFO_1001318,Escherichia coli Infections
http://www.ebi.ac.uk/efo/EFO_1001377,Neisseriaceae Infections
http://www.ebi.ac.uk/efo/EFO_1001275,Bordetella Infections
http://www.ebi.ac.uk/efo/EFO_1001854,subphrenic abscess
http://www.ebi.ac.uk/efo/EFO_1001836,pyogenic liver abscess
http://www.ebi.ac.uk/efo/EFO_1001832,Psoas abscess
http://www.ebi.ac.uk/efo/EFO_1001415,Retropharyngeal Abscess
http://www.ebi.ac.uk/efo/EFO_1001753,abdominal abscess
http://www.ebi.ac.uk/efo/EFO_1001358,"Leprosy, Paucibacillary"
http://www.ebi.ac.uk/efo/EFO_1001353,Klebsiella Infections
http://www.ebi.ac.uk/efo/EFO_1001421,Serratia Infections
http://www.ebi.ac.uk/efo/EFO_1001443,"Tuberculosis, Cutaneous"
http://www.ebi.ac.uk/efo/EFO_1001288,Chlamydiaceae Infections
http://www.ebi.ac.uk/efo/EFO_1001474,pneumococcal pneumonia
http://www.ebi.ac.uk/efo/EFO_1001925,pneumococcal bacteremia
http://www.ebi.ac.uk/efo/EFO_1001374,Mycoplasmatales Infections
http://www.ebi.ac.uk/efo/EFO_1001313,Enterobacteriaceae Infections
http://www.ebi.ac.uk/efo/EFO_1002024,streptococcal pharyngitis
http://www.ebi.ac.uk/efo/EFO_1001280,Burkholderia Infections
http://www.ebi.ac.uk/efo/EFO_1001418,Salmonella Infections
http://www.ebi.ac.uk/efo/EFO_1001397,Piscirickettsiaceae Infections
http://www.ebi.ac.uk/efo/EFO_1001489,skin and soft tissue Staphylococcus aureus infection
http://www.ebi.ac.uk/efo/EFO_0008558,Vancomycin-Resistant Staphylococcus Aureus Infection
http://www.ebi.ac.uk/efo/EFO_0008557,Methicillin-Susceptible Staphylococcus Aureus Infection
http://www.ebi.ac.uk/efo/EFO_0008555,Methicillin-Resistant Staphylococcus Aureus Infection
http://www.ebi.ac.uk/efo/EFO_1001498,disseminated atypical mycobacterial infection
http://www.ebi.ac.uk/efo/EFO_1001327,Flavobacteriaceae Infections
http://www.ebi.ac.uk/efo/EFO_1001420,Schistosomiasis mansoni
http://www.ebi.ac.uk/efo/EFO_1001773,Central Nervous System Helminthiasis
http://www.ebi.ac.uk/efo/EFO_0008559,American trypanosomiasis
http://www.ebi.ac.uk/efo/EFO_1001419,Schistosomiasis japonica
http://www.ebi.ac.uk/efo/EFO_1001784,diffuse cutaneous Leishmaniasis
http://www.ebi.ac.uk/efo/EFO_1001319,Euglenozoa Infections
http://www.ebi.ac.uk/efo/EFO_1001410,Pythiosis
http://www.ebi.ac.uk/efo/EFO_1001438,Trematode Infections
http://www.ebi.ac.uk/efo/EFO_1001287,Cestode Infections
http://www.ebi.ac.uk/efo/EFO_1001406,Prosthesis-Related Infections
http://www.ebi.ac.uk/efo/EFO_1001303,Deltaretrovirus Infections
http://www.ebi.ac.uk/efo/EFO_1001326,Flavivirus Infections
http://www.ebi.ac.uk/efo/EFO_1001348,HIV-Associated Lipodystrophy Syndrome
http://www.ebi.ac.uk/efo/EFO_0000180,HIV-1 infection
http://www.ebi.ac.uk/efo/EFO_1001259,Adenoviridae Infections
http://www.ebi.ac.uk/efo/EFO_1001349,Human T-lymphotropic virus 2 infectious disease
http://www.ebi.ac.uk/efo/EFO_0008494,Chikungunya encephalitis
http://www.ebi.ac.uk/efo/EFO_1001764,Birnaviridae Infections
http://www.ebi.ac.uk/efo/EFO_1001357,Lentivirus Infections
http://www.ebi.ac.uk/efo/EFO_1001347,Herpes Labialis
http://www.ebi.ac.uk/efo/EFO_1001488,influenza A (H1N1)
http://www.ebi.ac.uk/efo/EFO_0007540,animal viral hepatitis
http://www.ebi.ac.uk/efo/EFO_0007299,hemorrhagic fever with renal syndrome
http://www.ebi.ac.uk/efo/EFO_1001292,Circoviridae Infections
http://www.ebi.ac.uk/efo/EFO_1001269,Arbovirus Infections
http://www.ebi.ac.uk/efo/EFO_1001453,Zoster Sine Herpete
http://www.ebi.ac.uk/efo/EFO_1001401,Pneumovirus Infections
http://www.ebi.ac.uk/efo/EFO_1001407,Puerperal Infection
http://www.ebi.ac.uk/efo/EFO_1001396,Pinta
http://www.ebi.ac.uk/efo/EFO_1001765,Bovine mastitis
http://www.ebi.ac.uk/efo/EFO_1001315,Enzootic Bovine Leukosis
http://www.ebi.ac.uk/efo/EFO_1001441,"Tuberculosis, Bovine"
http://www.ebi.ac.uk/efo/EFO_1001787,experimental arthritis
http://www.ebi.ac.uk/efo/EFO_1001440,"Tuberculosis, Avian"
http://www.ebi.ac.uk/efo/EFO_1002004,drug hypersensitivity sydrome
http://www.ebi.ac.uk/efo/EFO_0005140,autoimmune disease
http://www.ebi.ac.uk/efo/EFO_1001820,oroficial granulomatosis
http://www.ebi.ac.uk/efo/EFO_1001511,monogenic diabetes
http://www.ebi.ac.uk/efo/EFO_1002020,"polyarticular juvenile idiopathic arthritis, rheumatoid factor negative"
http://www.ebi.ac.uk/efo/EFO_0005297,Granulomatosis with Polyangiitis
http://www.ebi.ac.uk/efo/EFO_1001819,orbital myositis
http://www.ebi.ac.uk/efo/EFO_1001995,Sclerodermatomyositis
http://www.ebi.ac.uk/efo/EFO_0008532,clinically amyopathic dermatomyositis
http://www.ebi.ac.uk/efo/EFO_1001994,Scleroderma Polymyositis Overlap Syndrome
http://www.ebi.ac.uk/efo/EFO_1001404,Postpericardiotomy Syndrome
http://www.ebi.ac.uk/efo/EFO_0008537,anti-topoisomerase-I-antibody-positive systemic scleroderma
http://www.ebi.ac.uk/efo/EFO_0008536,anti-centromere-antibody-positive systemic scleroderma
http://www.ebi.ac.uk/efo/EFO_1001798,immunoproliferative small intestinal disease
http://www.ebi.ac.uk/efo/EFO_1001860,thymus hyperplasia
http://www.ebi.ac.uk/efo/EFO_1001827,post-concussion syndrome
http://www.ebi.ac.uk/efo/EFO_1001906,panic disorder with agoraphobia
http://www.ebi.ac.uk/efo/EFO_1001907,panic disorder without agoraphobia
http://www.ebi.ac.uk/efo/EFO_1001454,amnesia
http://www.ebi.ac.uk/efo/EFO_1001790,female athlete triad syndrome
http://www.ebi.ac.uk/efo/EFO_1001878,blood-injection-injury phobia
http://www.ebi.ac.uk/efo/EFO_1001884,dental phobia
http://www.ebi.ac.uk/efo/EFO_0008620,Polycystic Kidney Disease
http://www.ebi.ac.uk/efo/EFO_0008621,Microcystic Renal Disease
http://www.ebi.ac.uk/efo/EFO_0008619,Simple Cyst of Kidney
http://www.ebi.ac.uk/efo/EFO_0008617,Medullary Cystic Kidney Disease Type I
http://www.ebi.ac.uk/efo/EFO_0008616,Complex Cyst of Kidney
http://www.ebi.ac.uk/efo/EFO_0008519,primary hyperparathyroidism
http://www.orpha.net/ORDO/Orphanet_79443,Pseudohypoparathyroidism type 1A
http://www.ebi.ac.uk/efo/EFO_0009067,"combined partial 17-alpha-hydroxylase/17,20-lyase deficiency"
http://www.ebi.ac.uk/efo/EFO_0009041,Cushing syndrome due to macronodular adrenal hyperplasia
http://www.ebi.ac.uk/efo/EFO_0008614,Iodine Deficiency Hypothyroidism
http://www.ebi.ac.uk/efo/EFO_0009065,calcium oxalate urolithiasis
http://www.orpha.net/ORDO/Orphanet_284963,Marfan syndrome type 1
http://www.orpha.net/ORDO/Orphanet_2398,Familial symmetric lipomatosis
http://www.orpha.net/ORDO/Orphanet_2959,Progéria - short stature - pigmented nevi
http://www.orpha.net/ORDO/Orphanet_90308,Klippel-Trénaunay syndrome
http://www.orpha.net/ORDO/Orphanet_183481,Genetic mixed dermis disorder
http://www.ebi.ac.uk/efo/EFO_0009043,Familial porphyria cutanea tarda
http://www.ebi.ac.uk/efo/EFO_0009064,X-linked erythropoietic protoporphyria
http://www.orpha.net/ORDO/Orphanet_2837,Pellagra-like skin rash - neurological manifestations
http://www.orpha.net/ORDO/Orphanet_370933,ST3GAL5-CDG
http://www.orpha.net/ORDO/Orphanet_167,Chédiak-Higashi syndrome
http://www.orpha.net/ORDO/Orphanet_183438,Genetic erythrokeratoderma
http://www.orpha.net/ORDO/Orphanet_316,Progressive symmetric erythrokeratodermia
http://www.orpha.net/ORDO/Orphanet_85212,Fetal Gaucher disease
http://www.orpha.net/ORDO/Orphanet_816,Sjögren-Larsson syndrome
http://www.orpha.net/ORDO/Orphanet_59303,Ichthyosis - hypotrichosis - sclerosing cholangitis
http://www.orpha.net/ORDO/Orphanet_79408,Severe generalized recessive dystrophic epidermolysis bullosa
http://www.orpha.net/ORDO/Orphanet_183441,Genetic acrokeratoderma
http://www.orpha.net/ORDO/Orphanet_79151,Acrokeratosis verruciformis of Hopf
http://www.orpha.net/ORDO/Orphanet_65282,Woolly hair-palmoplantar keratoderma-dilated cardiomyopathy syndrome
http://www.orpha.net/ORDO/Orphanet_50942,Keratosis palmoplantaris striata
http://www.orpha.net/ORDO/Orphanet_189,Hidrotic ectodermal dysplasia
http://www.orpha.net/ORDO/Orphanet_678,Papillon-Lefèvre syndrome
http://www.orpha.net/ORDO/Orphanet_50944,Schöpf-Schulz-Passarge syndrome
http://www.orpha.net/ORDO/Orphanet_183444,Genetic porokeratosis
http://www.ebi.ac.uk/efo/EFO_0009045,Fanconi anemia complementation group F
http://www.ebi.ac.uk/efo/EFO_0009046,Fanconi anemia complementation group G
http://www.ebi.ac.uk/efo/EFO_0009044,Fanconi anemia complementation group A
http://www.orpha.net/ORDO/Orphanet_500,LEOPARD syndrome
http://www.orpha.net/ORDO/Orphanet_86917,Lymphedema - cleft palate
http://www.orpha.net/ORDO/Orphanet_1655,Müllerian derivatives - lymphangiectasia - polydactyly
http://www.orpha.net/ORDO/Orphanet_915,Aarskog-Scott syndrome
http://www.orpha.net/ORDO/Orphanet_2526,Microcephaly - lymphedema - chorioretinopathy
http://www.orpha.net/ORDO/Orphanet_289825,Late-onset primary lymphedema
http://www.orpha.net/ORDO/Orphanet_90185,Non-hereditary late-onset primary lymphedema
http://www.orpha.net/ORDO/Orphanet_2416,Congenital primary lymphedema
http://www.orpha.net/ORDO/Orphanet_79450,Non hereditary congenital primary lymphedema
http://www.orpha.net/ORDO/Orphanet_464,Incontinentia pigmenti
http://www.orpha.net/ORDO/Orphanet_1262,Böök syndrome
http://www.orpha.net/ORDO/Orphanet_3362,Trichomegaly - cataract - hereditary spherocytosis
http://www.orpha.net/ORDO/Orphanet_1816,"Ectodermal dysplasia, Berlin type"
http://www.orpha.net/ORDO/Orphanet_280654,Autosomal recessive nail dysplasia
http://www.orpha.net/ORDO/Orphanet_123,Björnstad syndrome
http://www.ebi.ac.uk/efo/EFO_1002028,cicatricial alopecia
http://purl.obolibrary.org/obo/HP_0004552,Scarring alopecia of scalp
http://www.ebi.ac.uk/efo/EFO_0009080,x-linked ichthyosis with steryl-sulfatase deficiency
http://www.orpha.net/ORDO/Orphanet_98808,Autosomal dominant dopa-responsive dystonia
http://www.orpha.net/ORDO/Orphanet_22,4-hydroxybutyric aciduria
http://www.orpha.net/ORDO/Orphanet_289560,Neurodegeneration with brain iron accumulation due to C19orf12 mutation
http://www.orpha.net/ORDO/Orphanet_329284,Beta-propeller protein-associated neurodegeneration
http://www.orpha.net/ORDO/Orphanet_79320,ALG6-CDG
http://www.orpha.net/ORDO/Orphanet_79330,GCS1-CDG
http://www.orpha.net/ORDO/Orphanet_101001,Autosomal recessive spastic paraplegia type 21
http://www.ebi.ac.uk/efo/EFO_0009019,Autosomal recessive spastic paraplegia type 76
http://www.ebi.ac.uk/efo/EFO_0009018,Autosomal recessive spastic paraplegia type 75
http://www.ebi.ac.uk/efo/EFO_0009017,Autosomal recessive spastic paraplegia type 57
http://www.orpha.net/ORDO/Orphanet_397946,Autosomal recessive spastic paraplegia type 58
http://www.orpha.net/ORDO/Orphanet_101000,Autosomal recessive spastic paraplegia type 20
http://www.orpha.net/ORDO/Orphanet_352723,Attenuated Chédiak-Higashi syndrome
http://www.ebi.ac.uk/efo/EFO_0009056,Spinocerebellar ataxia type 38
http://www.ebi.ac.uk/efo/EFO_0009058,Spinocerebellar ataxia type 41
http://www.ebi.ac.uk/efo/EFO_0009059,Spinocerebellar ataxia type 42
http://www.ebi.ac.uk/efo/EFO_0009060,Spinocerebellar ataxia type 43
http://www.ebi.ac.uk/efo/EFO_0009057,Spinocerebellar ataxia type 40
http://www.orpha.net/ORDO/Orphanet_98757,Spinocerebellar ataxia type 3
http://www.ebi.ac.uk/efo/EFO_0009016,Ataxia-oculomotor apraxia type 4
http://www.orpha.net/ORDO/Orphanet_404499,Autosomal recessive cerebellar ataxia-epilepsy-intellectual disability syndrome due to KIAA0226 deficiency
http://www.orpha.net/ORDO/Orphanet_284282,Autosomal recessive cerebellar ataxia-epilepsy-intellectual disability syndrome due to WWOX deficiency
http://www.orpha.net/ORDO/Orphanet_559,Marinesco-Sjögren syndrome
http://www.ebi.ac.uk/efo/EFO_0009055,RIDDLE syndrome
http://www.orpha.net/ORDO/Orphanet_97346,"Familial dementia, Danish type"
http://www.orpha.net/ORDO/Orphanet_97345,"Familial dementia, British type"
http://www.orpha.net/ORDO/Orphanet_85458,Hereditary cerebral hemorrhage with amyloidosis
http://www.orpha.net/ORDO/Orphanet_83330,Proximal spinal muscular atrophy type 1
http://www.orpha.net/ORDO/Orphanet_207031,Rare disease with corpus callosum agenesis associated with peripheral neuropathy
http://www.orpha.net/ORDO/Orphanet_85447,Familial amyloid polyneuropathy
http://www.ebi.ac.uk/efo/EFO_0009075,"neuropathy, hereditary motor and sensory, type vib"
http://www.orpha.net/ORDO/Orphanet_91024,Autosomal recessive axonal Charcot-Marie-Tooth disease type 2
http://www.orpha.net/ORDO/Orphanet_300319,Autosomal dominant Charcot-Marie-Tooth disease type 2P
http://www.orpha.net/ORDO/Orphanet_401964,Autosomal dominant Charcot-Marie-Tooth disease type 2 with giant axons
http://www.orpha.net/ORDO/Orphanet_3115,Roussy-Lévy syndrome
http://www.orpha.net/ORDO/Orphanet_64751,Hereditary motor and sensory neuropathy type 5
http://www.orpha.net/ORDO/Orphanet_139552,"Distal hereditary motor neuropathy, Jerash type"
http://www.orpha.net/ORDO/Orphanet_139557,X-linked distal spinal muscular atrophy
http://www.orpha.net/ORDO/Orphanet_51,Aicardi-Goutières syndrome
http://www.orpha.net/ORDO/Orphanet_183497,Genetic neuromuscular disease
http://www.orpha.net/ORDO/Orphanet_206713,Distal spinal muscular atrophy
http://www.ebi.ac.uk/efo/EFO_0009071,"malignant hyperthermia, susceptibility to, 1"
http://www.orpha.net/ORDO/Orphanet_199340,"Muscular dystrophy, Selcen type"
http://www.orpha.net/ORDO/Orphanet_79240,Glycogen storage disease due to liver and muscle phosphorylase kinase deficiency
http://www.orpha.net/ORDO/Orphanet_34587,Glycogen storage disease due to LAMP-2 deficiency
http://www.orpha.net/ORDO/Orphanet_715,Glycogen storage disease due to muscle phosphorylase kinase deficiency
http://www.orpha.net/ORDO/Orphanet_371,Glycogen storage disease due to muscle phosphofructokinase deficiency
http://www.orpha.net/ORDO/Orphanet_368,Glycogen storage disease due to muscle glycogen phosphorylase deficiency
http://www.ebi.ac.uk/efo/EFO_1001333,Glycogen Storage Disease Type 2b
http://www.orpha.net/ORDO/Orphanet_366,Glycogen storage disease due to glycogen debranching enzyme deficiency
http://www.orpha.net/ORDO/Orphanet_394532,"Multiple acyl-CoA dehydrogenation deficiency, mild type"
http://www.orpha.net/ORDO/Orphanet_394529,"Multiple acyl-CoA dehydrogenation deficiency, severe neonatal type"
http://www.orpha.net/ORDO/Orphanet_371433,Genetic periodic paralysis
http://www.orpha.net/ORDO/Orphanet_71291,Hereditary vascular retinopathy
http://www.orpha.net/ORDO/Orphanet_63261,HERNS syndrome
http://www.orpha.net/ORDO/Orphanet_3421,Cerebroretinal vasculopathy
http://www.orpha.net/ORDO/Orphanet_77304,Not NOTCH3-related small vessel disease of the brain
http://www.orpha.net/ORDO/Orphanet_71213,Retinal cavernous hemangioma
http://www.orpha.net/ORDO/Orphanet_251282,Autosomal dominant spastic ataxia type 1
http://www.orpha.net/ORDO/Orphanet_183506,Genetic central nervous system malformation
http://www.orpha.net/ORDO/Orphanet_101052,Microlissencephaly type B
http://www.orpha.net/ORDO/Orphanet_370006,Hypothalamic insufficiency-secondary microcephaly-visual impairment-urinary anomalies
http://www.orpha.net/ORDO/Orphanet_2508,Micrencephaly - corpus callosum agenesis - abnormal genitalia
http://www.orpha.net/ORDO/Orphanet_163961,"X-linked intellectual disability, Kroes type"
http://www.ebi.ac.uk/efo/EFO_0009030,Cerebellar-facial-dental syndrome
http://www.orpha.net/ORDO/Orphanet_269553,Genetic cerebral malformation
http://www.orpha.net/ORDO/Orphanet_163209,Non-syndromic cerebral malformation due to abnormal neuronal migration
http://www.orpha.net/ORDO/Orphanet_98809,Paroxysmal kinesigenic dyskinesia
http://www.ebi.ac.uk/efo/EFO_1001381,Nocturnal Paroxysmal Dystonia
http://www.orpha.net/ORDO/Orphanet_93962,Autosomal dominant cervical dystonia
http://www.ebi.ac.uk/efo/EFO_0009040,Cranio-cervical dystonia with laryngeal and upper-limb involvement
http://www.orpha.net/ORDO/Orphanet_93956,Truncal dystonia
http://www.orpha.net/ORDO/Orphanet_99657,"Primary dystonia, DYT2 type"
http://www.orpha.net/ORDO/Orphanet_93955,Benign essential blepharospasm
http://www.orpha.net/ORDO/Orphanet_93961,Laryngeal dyskinesia
http://www.orpha.net/ORDO/Orphanet_93957,Limb dystonia
http://www.orpha.net/ORDO/Orphanet_370103,"Primary dystonia, DYT17 type"
http://www.orpha.net/ORDO/Orphanet_93963,"Autosomal dominant focal dystonia, DYT7 type"
http://www.orpha.net/ORDO/Orphanet_183763,Rare genetic intellectual disability with developmental anomaly
http://www.orpha.net/ORDO/Orphanet_293843,Craniofacial-ulnar-renal syndrome
http://www.orpha.net/ORDO/Orphanet_52183,Premature chromosome condensation with microcephaly and intellectual disability
http://www.orpha.net/ORDO/Orphanet_3055,X-linked intellectual disability - short stature - obesity
http://www.orpha.net/ORDO/Orphanet_85276,"X-linked intellectual disability, Armfield type"
http://www.orpha.net/ORDO/Orphanet_85337,"X-linked intellectual disability, Zorick type"
http://www.orpha.net/ORDO/Orphanet_85283,"X-linked intellectual disability, Miles-Carpenter type"
http://www.orpha.net/ORDO/Orphanet_3064,"X-linked intellectual disability, Wittner type"
http://www.orpha.net/ORDO/Orphanet_775,"X-linked intellectual disability, Martinez type"
http://www.orpha.net/ORDO/Orphanet_3061,"X-linked intellectual disability, Raynaud type"
http://www.orpha.net/ORDO/Orphanet_1762,Trisomy Xq28
http://www.orpha.net/ORDO/Orphanet_3056,"X-linked intellectual disability, Brooks type"
http://www.orpha.net/ORDO/Orphanet_3059,"X-linked intellectual disability, Gu type"
http://www.orpha.net/ORDO/Orphanet_85291,"X-linked intellectual disability, Wittwer type"
http://www.orpha.net/ORDO/Orphanet_85289,"X-linked intellectual disability, Vitale type"
http://www.orpha.net/ORDO/Orphanet_101039,Female restricted epilepsy with intellectual disability
http://www.orpha.net/ORDO/Orphanet_363444,"Developmental delay-microcephaly-facial dysmorphism syndrome, Hutterite type"
http://www.orpha.net/ORDO/Orphanet_166108,"Intellectual disability, Birk-Barel type"
http://www.orpha.net/ORDO/Orphanet_1620,Distal monosomy 3p
http://www.orpha.net/ORDO/Orphanet_1532,Gómez-López-Hernández syndrome
http://www.orpha.net/ORDO/Orphanet_2139,Hernández-Aguirre Negrete syndrome
http://www.orpha.net/ORDO/Orphanet_352665,9q21 microdeletion syndrome
http://www.orpha.net/ORDO/Orphanet_2649,Short stature - intellectual disability - eye anomalies - cleft lip/palate
http://www.orpha.net/ORDO/Orphanet_1788,"Acrofacial dysostosis, Rodríguez type"
http://www.orpha.net/ORDO/Orphanet_101685,Rare intellectual disability without developmental anomaly
http://www.ebi.ac.uk/efo/EFO_0009079,white-sutton syndrome
http://www.ebi.ac.uk/efo/EFO_0009015,AHDC1-related intellectual disability-obstructive sleep apnea-mild dysmorphism syndrome
http://www.orpha.net/ORDO/Orphanet_183515,Rare genetic medullar disease
http://www.orpha.net/ORDO/Orphanet_98819,Familial temporal epilepsy
http://www.orpha.net/ORDO/Orphanet_99723,Familial esophageal achalasia
http://www.orpha.net/ORDO/Orphanet_26106,Familial gastric cancer
http://www.orpha.net/ORDO/Orphanet_35858,Gräsbeck-Imerslund disease
http://www.ebi.ac.uk/efo/EFO_1001778,chromosome-defective micronuclei
http://www.orpha.net/ORDO/Orphanet_306658,Normocalcemic tumoral calcinosis
http://www.orpha.net/ORDO/Orphanet_403,Familial hyperaldosteronism type I
http://www.orpha.net/ORDO/Orphanet_289548,Inherited isolated adrenal insufficiency due to CYP11A1 deficiency
http://www.ebi.ac.uk/efo/EFO_1001789,familial apolipoprotein B hypobetalipoproteinemia
http://www.orpha.net/ORDO/Orphanet_411,Hyperlipoproteinemia type 1
http://www.orpha.net/ORDO/Orphanet_631,Non-acquired isolated growth hormone deficiency
http://www.orpha.net/ORDO/Orphanet_199296,Congenital isolated ACTH deficiency
http://www.orpha.net/ORDO/Orphanet_432,Normosmic congenital hypogonadotropic hypogonadism
http://www.orpha.net/ORDO/Orphanet_2560,Möbius syndrome - axonal neuropathy - hypogonadotropic hypogonadism
http://www.ebi.ac.uk/efo/EFO_0009025,Bardet-Biedl syndrome 5
http://www.ebi.ac.uk/efo/EFO_0009022,Bardet-Biedl syndrome 10
http://www.ebi.ac.uk/efo/EFO_0009024,Bardet-Biedl syndrome 4
http://www.ebi.ac.uk/efo/EFO_0009026,Bardet-Biedl syndrome 7
http://www.ebi.ac.uk/efo/EFO_0009021,Bardet-Biedl syndrome 1
http://www.ebi.ac.uk/efo/EFO_0009027,Bardet-Biedl syndrome 9
http://www.ebi.ac.uk/efo/EFO_0009023,Bardet-Biedl syndrome 12
http://www.orpha.net/ORDO/Orphanet_64,Alström syndrome
http://www.orpha.net/ORDO/Orphanet_217031,Obesity due to MC3R deficiency
http://www.orpha.net/ORDO/Orphanet_183643,Genetic polyendocrinopathy
http://www.orpha.net/ORDO/Orphanet_261579,Blepharophimosis - epicanthus inversus - ptosis due to polyA expansion
http://www.orpha.net/ORDO/Orphanet_261559,Blepharophimosis - epicanthus inversus - ptosis due to 3q23 microdeletion
http://www.orpha.net/ORDO/Orphanet_247768,Atypical Mayer-Rokitansky-Küster-Hauser syndrome
http://www.orpha.net/ORDO/Orphanet_209893,Congenital isolated thyroxine-binding globulin deficiency
http://www.orpha.net/ORDO/Orphanet_1031,Amelogenesis imperfecta - nephrocalcinosis
http://www.orpha.net/ORDO/Orphanet_2005,Laryngo-tracheo-esophageal cleft - pulmonary hypoplasia
http://www.orpha.net/ORDO/Orphanet_324601,X-linked cleft palate and ankyloglossia
http://www.orpha.net/ORDO/Orphanet_71270,Auriculoocular anomalies - cleft lip
http://www.orpha.net/ORDO/Orphanet_138066,Pierre Robin syndrome associated with miscellaneous anomalies
http://www.orpha.net/ORDO/Orphanet_138063,Syndrome associated with Pierre Robin syndrome
http://www.orpha.net/ORDO/Orphanet_718,Isolated Pierre Robin syndrome
http://www.orpha.net/ORDO/Orphanet_2215,Malignant hyperthermia - arthrogryposis - torticollis
http://www.orpha.net/ORDO/Orphanet_1600,Monosomy 18q
http://www.orpha.net/ORDO/Orphanet_157788,Hypospadias - hypertelorism - coloboma and deafness
http://www.orpha.net/ORDO/Orphanet_1352,Atrioventricular defect - blepharophimosis -radial defects
http://www.orpha.net/ORDO/Orphanet_2399,Nasopalpebral lipoma - coloboma - telecanthus
http://www.orpha.net/ORDO/Orphanet_1587,Monosomy 13q14
http://www.orpha.net/ORDO/Orphanet_91492,Non-syndromic congenital cataract
http://www.orpha.net/ORDO/Orphanet_98987,"Cataract, Hutterite type"
http://www.orpha.net/ORDO/Orphanet_98991,Nuclear cataract
http://www.orpha.net/ORDO/Orphanet_98986,Coppock-like cataract
http://www.orpha.net/ORDO/Orphanet_98995,Zonular cataract
http://www.orpha.net/ORDO/Orphanet_98983,"Congenital cataract, Volkmann type"
http://www.orpha.net/ORDO/Orphanet_96125,Distal monosomy 6p
http://www.orpha.net/ORDO/Orphanet_2543,Microphthalmia - cataract
http://www.orpha.net/ORDO/Orphanet_363245,Genetic progeroid syndrome
http://www.orpha.net/ORDO/Orphanet_93409,"Brachydactyly-syndactyly, Zhao type"
http://www.ebi.ac.uk/efo/EFO_0009031,Cognitive impairment-coarse facies-heart defects-obesity-pulmonary involvement-short stature-skeletal dysplasia syndrome
http://www.orpha.net/ORDO/Orphanet_2639,Fibular aplasia - complex brachydactyly
http://purl.obolibrary.org/obo/HP_0006101,Finger syndactyly
http://www.orpha.net/ORDO/Orphanet_3269,Radio-ulnar synostosis
http://www.orpha.net/ORDO/Orphanet_1561,Fatal infantile cytochrome C oxidase deficiency
http://www.ebi.ac.uk/efo/EFO_0009037,Combined oxidative phosphorylation defect type 27
http://www.ebi.ac.uk/efo/EFO_0009032,Combined oxidative phosphorylation defect type 21
http://www.ebi.ac.uk/efo/EFO_0009038,Combined oxidative phosphorylation defect type 30
http://www.ebi.ac.uk/efo/EFO_0009033,Combined oxidative phosphorylation defect type 23
http://www.ebi.ac.uk/efo/EFO_0009034,Combined oxidative phosphorylation defect type 24
http://www.ebi.ac.uk/efo/EFO_0009035,Combined oxidative phosphorylation defect type 25
http://www.ebi.ac.uk/efo/EFO_0009036,Combined oxidative phosphorylation defect type 26
http://www.orpha.net/ORDO/Orphanet_255117,Autosomal dominant optic atrophy and late-onset deafness
http://www.orpha.net/ORDO/Orphanet_576,Mucolipidosis type 2
http://www.orpha.net/ORDO/Orphanet_183542,Genetic cranial malformation
http://www.orpha.net/ORDO/Orphanet_1535,Craniosynostosis - dysmorphism - brachydactyly
http://www.ebi.ac.uk/efo/EFO_0008511,metopic craniosynostosis
http://www.orpha.net/ORDO/Orphanet_99096,Multiple ventricular septal defects
http://www.orpha.net/ORDO/Orphanet_99047,Double outlet right ventricle with doubly committed ventricular septal defect
http://www.orpha.net/ORDO/Orphanet_99044,Double outlet right ventricle with subaortic ventricular septal defect
http://www.orpha.net/ORDO/Orphanet_99043,"Double outlet right ventricle, Fallot type"
http://www.orpha.net/ORDO/Orphanet_101042,Taussig-Bing syndrome
http://www.orpha.net/ORDO/Orphanet_391677,Short stature-optic atrophy-Pelger-Huët anomaly syndrome
http://www.orpha.net/ORDO/Orphanet_79458,Oley syndrome
http://www.orpha.net/ORDO/Orphanet_113,Bazex-Dupré-Christol syndrome
http://www.orpha.net/ORDO/Orphanet_2206,Ankylosing vertebral hyperostosis with tylosis
http://www.orpha.net/ORDO/Orphanet_240,Léri-Weill dyschondrosteosis
http://www.orpha.net/ORDO/Orphanet_53,Albers-Schönberg osteopetrosis
http://www.orpha.net/ORDO/Orphanet_93303,"Brachyolmia type 1, Toledo type"
http://www.orpha.net/ORDO/Orphanet_93301,"Brachyolmia type 1, Hobaek type"
http://www.orpha.net/ORDO/Orphanet_401979,"Autosomal recessive spondylometaphyseal dysplasia, Mégarbané type"
http://www.orpha.net/ORDO/Orphanet_168454,"Spondyloepimetaphyseal dysplasia, Geneviève type"
http://www.orpha.net/ORDO/Orphanet_364541,Frontootopalatodigital syndrome
http://www.orpha.net/ORDO/Orphanet_79345,Brachytelephalangic chondrodysplasia punctata
http://www.orpha.net/ORDO/Orphanet_3331,Bowed tibiae  - radial anomalies - osteopenia - fractures
http://www.orpha.net/ORDO/Orphanet_3206,Stüve-Wiedemann syndrome
http://www.orpha.net/ORDO/Orphanet_2491,Müllerian duct anomalies - limb anomalies
http://www.orpha.net/ORDO/Orphanet_1850,Renal dysplasia - megalocystis - sirenomelia
http://www.orpha.net/ORDO/Orphanet_1266,"Dermato-cardio-skeletal syndrome, Borrone type"
http://www.orpha.net/ORDO/Orphanet_77302,Oculo-oto-facial dysplasia
http://www.orpha.net/ORDO/Orphanet_401986,1p31p32 microdeletion syndrome
http://www.ebi.ac.uk/efo/EFO_0009020,Aymé-Gripp syndrome
http://www.ebi.ac.uk/efo/EFO_0009062,Temple-Baraitser syndrome
http://www.ebi.ac.uk/efo/EFO_0009050,Macrocephaly-intellectual disability-neurodevelopmental disorder-small thorax syndrome
http://www.orpha.net/ORDO/Orphanet_314655,5q31.3 microdeletion syndrome
http://www.ebi.ac.uk/efo/EFO_0009061,TELO2-related intellectual disability-neurodevelopmental disorder
http://www.orpha.net/ORDO/Orphanet_3109,Mayer-Rokitansky-Küster-Hauser syndrome
http://www.orpha.net/ORDO/Orphanet_247775,Classic Mayer-Rokitansky-Küster-Hauser syndrome
http://www.orpha.net/ORDO/Orphanet_93178,Partial prune belly syndrome
http://www.orpha.net/ORDO/Orphanet_250165,Genetic polycythemia
http://www.orpha.net/ORDO/Orphanet_93583,Congenital thrombotic thrombocytopenic purpura due to ADAMTS-13 deficiency
http://www.orpha.net/ORDO/Orphanet_275736,Rare hemorrhagic disorder due to a platelet receptor defect
http://www.orpha.net/ORDO/Orphanet_98886,Bleeding diathesis due to integrin alpha2-beta1 deficiency
http://www.orpha.net/ORDO/Orphanet_52530,Pseudo-von Willebrand disease
http://www.orpha.net/ORDO/Orphanet_98454,Platelet storage pool disease
http://www.orpha.net/ORDO/Orphanet_71290,Familial platelet syndrome with predisposition to acute myelogenous leukemia
http://www.orpha.net/ORDO/Orphanet_734,Alpha delta granule deficiency
http://www.orpha.net/ORDO/Orphanet_101022,Mediterranean macrothrombocytopenia
http://www.orpha.net/ORDO/Orphanet_82,Hereditary thrombophilia due to congenital antithrombin deficiency
http://www.orpha.net/ORDO/Orphanet_139380,Recessive hereditary methemoglobinemia type 2
http://www.orpha.net/ORDO/Orphanet_139373,Recessive hereditary methemoglobinemia type 1
http://www.orpha.net/ORDO/Orphanet_251380,Hereditary persistence of fetal hemoglobin - sickle cell disease
http://www.ebi.ac.uk/efo/EFO_1001797,Hemoglobin SC Disease
http://www.orpha.net/ORDO/Orphanet_182040,Medullar aplasia
http://www.orpha.net/ORDO/Orphanet_68383,Rare constitutional medullar aplasia
http://www.ebi.ac.uk/efo/EFO_1001802,isolated noncompaction of the ventricular myocardium
http://www.orpha.net/ORDO/Orphanet_93367,CINCA syndrome without NLRP3 mutations
http://www.orpha.net/ORDO/Orphanet_93365,CINCA syndrome with NLRP3 mutations
http://www.ebi.ac.uk/efo/EFO_0009028,Camptodactyly-arthropathy-coxa-vara-pericarditis syndrome
http://www.orpha.net/ORDO/Orphanet_96210,Rare genetic deafness
http://www.orpha.net/ORDO/Orphanet_90636,Autosomal recessive non-syndromic sensorineural deafness type DFNB
http://www.orpha.net/ORDO/Orphanet_90635,Autosomal dominant non-syndromic sensorineural deafness type DFNA
http://www.orpha.net/ORDO/Orphanet_90625,X-linked non-syndromic sensorineural deafness type DFN
http://www.ebi.ac.uk/efo/EFO_0009078,stag1-related disorder
http://www.orpha.net/ORDO/Orphanet_98974,Fuchs endothelial corneal dystrophy
http://www.orpha.net/ORDO/Orphanet_293603,Congenital hereditary endothelial dystrophy type II
http://www.orpha.net/ORDO/Orphanet_98961,Reis-Bücklers corneal dystrophy
http://www.orpha.net/ORDO/Orphanet_98580,Palpebral tumor
http://www.orpha.net/ORDO/Orphanet_91415,Familial capillary hemangioma
http://www.orpha.net/ORDO/Orphanet_98589,Palpebral malignant melanoma
http://www.orpha.net/ORDO/Orphanet_98578,Ptosis
http://www.orpha.net/ORDO/Orphanet_2518,Autosomal recessive chorioretinopathy-microcephaly
http://www.orpha.net/ORDO/Orphanet_217049,Rare non-syndromic cataract
http://www.orpha.net/ORDO/Orphanet_306561,Autosomal dominant childhood-onset cortical cataract
http://www.orpha.net/ORDO/Orphanet_217046,Autosomal recessive childhood-onset cortical cataract
http://www.orpha.net/ORDO/Orphanet_103,Genetic optic atrophy
http://www.orpha.net/ORDO/Orphanet_98678,X-linked recessive optic atrophy
http://www.orpha.net/ORDO/Orphanet_98677,Autosomal recessive syndromic optic atrophy
http://www.ebi.ac.uk/efo/EFO_0009063,Wolfram-like syndrome
http://www.orpha.net/ORDO/Orphanet_99012,"Autosomal recessive optic atrophy, OPA6 type"
http://www.orpha.net/ORDO/Orphanet_178333,Åland Islands eye disease
http://www.ebi.ac.uk/efo/EFO_0009049,Juvenile nephropathic cystinosis
http://www.orpha.net/ORDO/Orphanet_2196,Familial primary hypomagnesemia with hypercalciuria and nephrocalcinosis with severe ocular involvement
http://www.orpha.net/ORDO/Orphanet_300337,Congenital blindness due to retinal non-attachment
http://www.orpha.net/ORDO/Orphanet_99817,Non-polyposis Turcot syndrome
http://www.orpha.net/ORDO/Orphanet_271847,Genetic endocrine tumor
http://www.orpha.net/ORDO/Orphanet_122,Birt-Hogg-Dubé syndrome
http://www.orpha.net/ORDO/Orphanet_626,Large congenital melanocytic nevus
http://www.orpha.net/ORDO/Orphanet_93594,Alpha-1-antichymotrypsin deficiency
http://www.orpha.net/ORDO/Orphanet_73217,Müllerian aplasia
http://www.orpha.net/ORDO/Orphanet_180071,Unilateral aplasia of the Müllerian ducts
http://www.orpha.net/ORDO/Orphanet_180068,Partial bilateral aplasia of the Müllerian ducts
http://www.ebi.ac.uk/efo/EFO_0009029,Central precocious puberty
http://www.ebi.ac.uk/efo/EFO_0009066,clcn4-related disorder
http://www.ebi.ac.uk/efo/EFO_1001359,Leukocyte-Adhesion Deficiency Syndrome
http://www.orpha.net/ORDO/Orphanet_27,Vitamin B12-unresponsive methylmalonic acidemia
http://www.orpha.net/ORDO/Orphanet_79118,Neonatal diabetes - congenital hypothyroidism - congenital glaucoma - hepatic fibrosis - polycystic kidneys
http://www.orpha.net/ORDO/Orphanet_31043,Familial primary hypomagnesemia with hypercalciuria and nephrocalcinosis without severe ocular involvement
http://www.orpha.net/ORDO/Orphanet_183586,Genetic glomerular disease
http://www.orpha.net/ORDO/Orphanet_238269,Familial renal amyloidosis due to Apolipoprotein AII variant
http://www.orpha.net/ORDO/Orphanet_93213,Familial idiopathic steroid-resistant nephrotic syndrome with focal segmental hyalinosis
http://www.orpha.net/ORDO/Orphanet_2087,Glomerulonephritis - sparse hair - telangiectasis
http://www.ebi.ac.uk/efo/EFO_0009077,premature chromatid separation trait
http://www.ebi.ac.uk/efo/EFO_0009042,Estrogen resistance syndrome
http://www.orpha.net/ORDO/Orphanet_2856,Persistent Müllerian duct syndrome
http://www.orpha.net/ORDO/Orphanet_926,Acatalasemia
http://www.orpha.net/ORDO/Orphanet_300,Bifunctional enzyme deficiency
http://www.orpha.net/ORDO/Orphanet_711,Glycogen storage disease due to phosphoglucomutase deficiency
http://www.orpha.net/ORDO/Orphanet_264580,Glycogen storage disease due to liver phosphorylase kinase deficiency
http://www.orpha.net/ORDO/Orphanet_369,Glycogen storage disease due to liver glycogen phosphorylase deficiency
http://www.orpha.net/ORDO/Orphanet_79317,Phosphoenolpyruvate carboxykinase 2 deficiency
http://www.orpha.net/ORDO/Orphanet_79316,Phosphoenolpyruvate carboxykinase 1 deficiency
http://www.orpha.net/ORDO/Orphanet_289891,Hypermethioninemia due to glycine N-methyltransferase deficiency
http://www.orpha.net/ORDO/Orphanet_308410,Autism-epilepsy syndrome due to branched chain ketoacid dehydrogenase kinase deficiency
http://www.orpha.net/ORDO/Orphanet_147,Carbamoyl-phosphate synthase deficiency
http://www.ebi.ac.uk/efo/EFO_0009014,"3-methylglutaconic aciduria with cataracts, neurologic involvement, and neutropenia"
http://www.orpha.net/ORDO/Orphanet_134,Ketoacidosis due to beta-ketothiolase deficiency
http://www.ebi.ac.uk/efo/EFO_0009074,methylmalonic aciduria cblb type
http://www.ebi.ac.uk/efo/EFO_1001981,Aminoacylase 1 deficiency
http://www.orpha.net/ORDO/Orphanet_319646,PGM-CDG
http://www.ebi.ac.uk/efo/EFO_0009039,Congenital bile acid synthesis defect
http://www.orpha.net/ORDO/Orphanet_309827,Disorder of vitamin and non-protein cofactor absorption and transport 
http://www.orpha.net/ORDO/Orphanet_2967,Protein R deficiency
http://www.orpha.net/ORDO/Orphanet_309115,Disorder of mitochondrial fatty acid oxidation
http://www.orpha.net/ORDO/Orphanet_79172,Disorder of creatine biosynthesis
http://www.orpha.net/ORDO/Orphanet_1713,17p11.2 microduplication syndrome
http://www.orpha.net/ORDO/Orphanet_262648,Partial duplication of chromosome 10
http://www.orpha.net/ORDO/Orphanet_261211,16p11.2p12.2 microdeletion syndrome
http://www.orpha.net/ORDO/Orphanet_1627,Distal monosomy 5q
http://www.orpha.net/ORDO/Orphanet_251019,2q32q33 microdeletion syndrome
http://www.orpha.net/ORDO/Orphanet_261349,2p15p16.1 microdeletion syndrome
http://www.orpha.net/ORDO/Orphanet_261279,17q23.1q23.2 microdeletion syndrome
http://www.orpha.net/ORDO/Orphanet_250999,1q41q42 microdeletion syndrome
http://www.orpha.net/ORDO/Orphanet_251056,6q25 microdeletion syndrome
http://www.orpha.net/ORDO/Orphanet_1621,3q13 microdeletion syndrome
http://www.orpha.net/ORDO/Orphanet_261120,14q11.2 microdeletion syndrome
http://www.orpha.net/ORDO/Orphanet_261811,Partial deletion of chromosome 10
http://www.orpha.net/ORDO/Orphanet_96148,Distal monosomy 10q
http://www.orpha.net/ORDO/Orphanet_276413,10q22.3q23.3 microdeletion syndrome
http://www.orpha.net/ORDO/Orphanet_1596,Distal monosomy 15q
http://www.orpha.net/ORDO/Orphanet_1450,Ring chromosome 8
http://www.orpha.net/ORDO/Orphanet_94061,Macrocephaly - immune deficiency - anemia
http://www.orpha.net/ORDO/Orphanet_331217,Other immunodeficiency syndrome due to defects in adaptive immunity
http://www.orpha.net/ORDO/Orphanet_169446,Autosomal recessive hyper-IgE syndrome
http://www.orpha.net/ORDO/Orphanet_2621,Low birth weight - dwarfism - dysgammaglobulinemia
http://www.orpha.net/ORDO/Orphanet_331206,Severe combined immunodeficiency due to complete RAG1/2 deficiency
http://www.orpha.net/ORDO/Orphanet_276,T-B+ severe combined immunodeficiency due to gamma chain deficiency
http://www.orpha.net/ORDO/Orphanet_200418,Immunodeficiency with factor I anomaly
http://www.orpha.net/ORDO/Orphanet_169147,Immunodeficiency due to an early component of complement deficiency
http://www.orpha.net/ORDO/Orphanet_247,Arrhythmogenic right ventricular dysplasia
http://www.orpha.net/ORDO/Orphanet_94062,Coronary artery disease - hyperlipidemia - hypertension - diabetes - osteoporosis
http://www.orpha.net/ORDO/Orphanet_2380,Legg-Calvé-Perthes disease
http://www.orpha.net/ORDO/Orphanet_329324,Inverse Klippel-Trénaunay syndrome
http://www.ebi.ac.uk/efo/EFO_0009070,intellectual developmental disorder with dysmorphic facies and ptosis
http://www.orpha.net/ORDO/Orphanet_319462,Inherited cancer-predisposing syndrome due to biallelic BRCA2 mutations
http://www.ebi.ac.uk/efo/EFO_0009048,Intrahepatic cholestasis of pregnancy
http://www.ebi.ac.uk/efo/EFO_1001828,post-exercise hypotension
http://www.ebi.ac.uk/efo/EFO_1002032,primary hypertension
http://www.ebi.ac.uk/efo/EFO_0009054,Pulmonary arterial hypertension associated with congenital heart disease
http://www.ebi.ac.uk/efo/EFO_1002006,treatment-resistant hypertension
http://www.ebi.ac.uk/efo/EFO_1001408,Pulmonary Infarction
http://www.ebi.ac.uk/efo/EFO_1001458,diabetic cardiomyopathy
http://www.ebi.ac.uk/efo/EFO_1001297,Coronary-Subclavian Steal Syndrome
http://www.ebi.ac.uk/efo/EFO_1001855,Superior Vena Cava Syndrome
http://www.ebi.ac.uk/efo/EFO_1001495,small artery occlusion
http://www.ebi.ac.uk/efo/EFO_1000861,cervical rib syndrome
http://www.ebi.ac.uk/efo/EFO_0009085,arterial occlusive disease
http://www.ebi.ac.uk/efo/EFO_0009086,arteriosclerosis
http://www.ebi.ac.uk/efo/EFO_1001265,"Aneurysm, False"
http://www.ebi.ac.uk/efo/EFO_1001270,Arterio-Arterial Fistula
http://www.ebi.ac.uk/efo/EFO_1001461,endothelial dysfunction
http://www.ebi.ac.uk/efo/EFO_1001308,"Embolism, Paradoxical"
http://www.ebi.ac.uk/efo/EFO_0009011,Arteritis
http://www.ebi.ac.uk/efo/EFO_0009084,Endarteritis
http://www.ebi.ac.uk/efo/EFO_0009012,Polyarteritis Nodosa
http://www.ebi.ac.uk/efo/EFO_1001774,central nervous system venous angioma
http://www.ebi.ac.uk/efo/EFO_1001459,diabetic foot
http://www.ebi.ac.uk/efo/EFO_1001276,"Brain Stem Hemorrhage, Traumatic"
http://www.ebi.ac.uk/efo/EFO_1001426,Spinal Cord Ischemia
http://www.ebi.ac.uk/efo/EFO_0008584,Subsequent ST elevation (STEMI) and non-ST elevation (NSTEMI) myocardial infarction
http://www.ebi.ac.uk/efo/EFO_0008586,Non-ST Elevation Myocardial Infarction
http://www.ebi.ac.uk/efo/EFO_0008585,ST Elevation Myocardial Infarction
http://www.ebi.ac.uk/efo/EFO_1001263,amniotic fluid embolism
http://www.ebi.ac.uk/efo/EFO_0005138,acquired long QT syndrome
http://www.ebi.ac.uk/efo/EFO_1001493,cardiac embolism
http://www.ebi.ac.uk/efo/EFO_0004269,cardiac arrhythmia
http://www.ebi.ac.uk/efo/EFO_1001843,sinoatrial nodal reentry tachycardia
http://www.ebi.ac.uk/efo/EFO_1001432,"Tachycardia, Reciprocating"
http://www.ebi.ac.uk/efo/EFO_1001497,cardiac conduction defect
http://www.ebi.ac.uk/efo/EFO_1001781,Commotio Cordis
http://www.ebi.ac.uk/efo/EFO_1001400,Pneumopericardium
http://www.ebi.ac.uk/efo/EFO_1001771,cardiac edema
http://www.ebi.ac.uk/efo/EFO_1001448,Ventricular Outflow Obstruction
http://www.ebi.ac.uk/efo/EFO_1001483,non-obstructive coronary artery disease
http://www.ebi.ac.uk/efo/EFO_1001375,Myocardial Ischemia
http://www.ebi.ac.uk/efo/EFO_1001976,cardioembolic stroke
http://www.ebi.ac.uk/efo/EFO_1001504,small vessel stroke
http://www.ebi.ac.uk/efo/EFO_1001416,Rheumatic Nodule
http://www.ebi.ac.uk/efo/EFO_1001482,cardiotoxicity
http://www.ebi.ac.uk/efo/EFO_1001405,Postthrombotic Syndrome
http://www.ebi.ac.uk/efo/EFO_1001414,Retrobulbar Hemorrhage
http://www.ebi.ac.uk/efo/EFO_1002009,macular telangiectasia type 2
http://www.ebi.ac.uk/efo/EFO_0008627,eye hemorrhage
http://www.ebi.ac.uk/efo/EFO_0008626,vitreous hemorrhage
http://www.ebi.ac.uk/efo/EFO_1001817,ocular posterior capsular rupture
http://www.ebi.ac.uk/efo/EFO_0008571,viral conjunctivitis
http://www.ebi.ac.uk/efo/EFO_1001322,Eye Foreign Bodies
http://www.ebi.ac.uk/efo/EFO_1001985,congenital fibrosis of the extraocular musclesCongenital fibrosis of extraocular muscles
http://www.ebi.ac.uk/efo/EFO_0008628,Hyalitis
http://www.ebi.ac.uk/efo/EFO_0008625,vitreous prolapse
http://www.ebi.ac.uk/efo/EFO_1001323,"Eye Injuries, Penetrating"
http://www.ebi.ac.uk/efo/EFO_0009069,hepatic methionine adenosyltransferase deficiency
http://www.ebi.ac.uk/efo/EFO_1001875,amyloidosis
http://www.ebi.ac.uk/efo/EFO_1001984,cardiac amyloidosis
http://www.ebi.ac.uk/efo/EFO_1001874,amyloidoma
http://www.ebi.ac.uk/efo/EFO_1001910,pulmonary amyloidosis
http://www.ebi.ac.uk/efo/EFO_1001885,diffuse alveolar-septal amyloidosis
http://www.ebi.ac.uk/efo/EFO_1001922,tracheobronchial amyloidosis
http://www.ebi.ac.uk/efo/EFO_1001911,pulmonary nodular amyloidosis
http://www.ebi.ac.uk/efo/EFO_1000642,hemochromatosis
http://purl.obolibrary.org/obo/HP_0000857,Neonatal insulin-dependent diabetes mellitus
http://www.ebi.ac.uk/efo/EFO_1001503,type II diabetes mellitus with acanthosis nigricans
http://www.ebi.ac.uk/efo/EFO_1001479,Tumor Lysis Syndrome
http://www.ebi.ac.uk/efo/EFO_0009073,methylmalonic aciduria (cobalamin deficiency) cblA type
http://www.ebi.ac.uk/efo/EFO_0008572,malnutrition
http://purl.obolibrary.org/obo/HP_0001956,Truncal obesity
http://www.ebi.ac.uk/efo/EFO_1001780,Chylothorax
http://www.ebi.ac.uk/efo/EFO_1001332,Giant Lymph Node Hyperplasia
http://www.ebi.ac.uk/efo/EFO_0009002,splenic disease
http://www.ebi.ac.uk/efo/EFO_1001775,cerebrospinal fluid otorrhea
http://www.ebi.ac.uk/efo/EFO_1001301,Cubital Tunnel Syndrome
http://www.ebi.ac.uk/efo/EFO_1001261,Alien Hand Syndrome
http://www.ebi.ac.uk/efo/EFO_1001840,respiratory paralysis
http://www.ebi.ac.uk/efo/EFO_1001392,Perimeningeal Infections
http://www.ebi.ac.uk/efo/EFO_1001385,"Paralysis, Obstetric"
http://www.ebi.ac.uk/efo/EFO_1001870,late-onset Alzheimers disease
http://www.ebi.ac.uk/efo/EFO_0009053,Primary progressive aphasia
http://www.ebi.ac.uk/efo/EFO_1001758,ageusia
http://www.ebi.ac.uk/efo/EFO_1001812,myringosclerosis
http://www.ebi.ac.uk/efo/EFO_1001492,atrophic macular degeneration
http://www.ebi.ac.uk/efo/EFO_0001063,deafness
http://www.ebi.ac.uk/efo/EFO_0009076,nonsyndromic deafness
http://www.ebi.ac.uk/efo/EFO_1001176,sensorineural hearing loss
http://www.ebi.ac.uk/efo/EFO_1001338,"Hearing Loss, Noise-Induced"
http://www.ebi.ac.uk/efo/EFO_1001363,"Lupus Vasculitis, Central Nervous System"
http://www.ebi.ac.uk/efo/EFO_0004149,neuropathy
http://www.ebi.ac.uk/efo/EFO_1001428,Subacute Combined Degeneration
http://www.ebi.ac.uk/efo/EFO_1001762,autonomic dysreflexia
http://www.ebi.ac.uk/efo/EFO_1001756,Acrodynia
http://www.ebi.ac.uk/efo/EFO_1001337,Hand-Arm Vibration Syndrome
http://www.ebi.ac.uk/efo/EFO_1001845,spinal cord compression
http://www.ebi.ac.uk/efo/EFO_1001429,Subdural Effusion
http://www.ebi.ac.uk/efo/EFO_1001310,"Encephalitis, Varicella Zoster"
http://www.ebi.ac.uk/efo/EFO_0009072,mbd5 associated neurodevelopmental disorder
http://www.ebi.ac.uk/efo/EFO_1001829,Posterior Leukoencephalopathy Syndrome
http://www.ebi.ac.uk/efo/EFO_1001772,Central Cord Syndrome
http://www.ebi.ac.uk/efo/EFO_1001425,Skull Fractures
http://www.ebi.ac.uk/efo/EFO_1001811,Monteggia's fracture
http://www.ebi.ac.uk/efo/EFO_1001823,Periprosthetic Fractures
http://www.ebi.ac.uk/efo/EFO_0008553,femur fracture
http://www.ebi.ac.uk/efo/EFO_1001792,femoral neck fracture
http://www.ebi.ac.uk/efo/EFO_1001367,Medial Tibial Stress Syndrome
http://www.ebi.ac.uk/efo/EFO_0004229,Dupuytren Contracture
http://www.ebi.ac.uk/efo/EFO_0008561,diaphragmatic hernia
http://www.ebi.ac.uk/efo/EFO_1001861,traumatic diaphragmatic hernia
http://www.ebi.ac.uk/efo/EFO_1001299,Crush Syndrome
http://purl.obolibrary.org/obo/HP_0008942,Acute rhabdomyolysis
http://www.ebi.ac.uk/efo/EFO_1001791,femoral hernia
http://www.ebi.ac.uk/efo/EFO_1001434,Tendinopathy
http://www.ebi.ac.uk/efo/EFO_1001896,lateral epicondylitis
http://www.ebi.ac.uk/efo/EFO_1001930,idiopathic osteonecrosis of the femoral head
http://www.ebi.ac.uk/efo/EFO_1001846,Spinal Osteophytosis
http://www.ebi.ac.uk/efo/EFO_0008577,Juvenile Osteochondrosis
http://www.ebi.ac.uk/efo/EFO_0008576,Spinal Osteochondrosis
http://www.ebi.ac.uk/efo/EFO_1001821,osteoradionecrosis
http://www.ebi.ac.uk/efo/EFO_1001317,"Epiphyses, Slipped"
http://www.ebi.ac.uk/efo/EFO_1001800,Intervertebral Disc Displacement
http://www.ebi.ac.uk/efo/EFO_1002005,lumbar disc herniation
http://www.ebi.ac.uk/efo/EFO_0005560,hereditary multiple exostoses
http://www.ebi.ac.uk/efo/EFO_1002027,osteomalacia
http://www.ebi.ac.uk/efo/EFO_1002012,ligament rupture
http://www.ebi.ac.uk/efo/EFO_0008997,synovitis
http://www.ebi.ac.uk/efo/EFO_0008998,acute synovitis
http://www.ebi.ac.uk/efo/EFO_1001336,Hammer Toe Syndrome
http://purl.obolibrary.org/obo/HP_0002944,Thoracolumbar scoliosis
http://www.ebi.ac.uk/efo/EFO_1001268,Aortic Rupture
http://www.ebi.ac.uk/efo/EFO_1001393,Periodontal Pocket
http://www.ebi.ac.uk/efo/EFO_1001390,Peri-Implantitis
http://www.ebi.ac.uk/efo/EFO_1001782,dental pulp exposure
http://www.ebi.ac.uk/efo/EFO_0003826,salivary gland neoplasm
http://www.ebi.ac.uk/efo/EFO_1001967,salivary gland squamous cell carcinoma
http://www.ebi.ac.uk/efo/EFO_1000462,Parotid Gland Pleomorphic Adenoma
http://www.ebi.ac.uk/efo/EFO_1000518,Salivary Gland Pleomorphic Adenoma
http://www.ebi.ac.uk/efo/EFO_1000119,Benign Salivary Gland Myoepithelioma
http://www.ebi.ac.uk/efo/EFO_1001394,Peritoneal Fibrosis
http://www.ebi.ac.uk/efo/EFO_1001355,Laryngopharyngeal Reflux
http://www.ebi.ac.uk/efo/EFO_1001785,diffuse esophageal spasm
http://www.ebi.ac.uk/efo/EFO_1001850,stomach diverticulum
http://www.ebi.ac.uk/efo/EFO_1001291,ciguatera poisoning
http://www.ebi.ac.uk/efo/EFO_1000947,gastric outlet obstruction
http://www.ebi.ac.uk/efo/EFO_1001867,Zenker diverticulum
http://www.ebi.ac.uk/efo/EFO_1001851,stomach rupture
http://www.ebi.ac.uk/efo/EFO_1001507,asparaginase-induced acute pancreatitis
http://www.ebi.ac.uk/efo/EFO_1001776,Chilaiditi Syndrome
http://www.ebi.ac.uk/efo/EFO_1001296,colon diverticulum
http://www.ebi.ac.uk/efo/EFO_1001816,neutropenic enterocolitis
http://www.ebi.ac.uk/efo/EFO_1001314,pseudomembranous enterocolitis
http://www.ebi.ac.uk/efo/EFO_0008523,sessile serrated polyp
http://www.ebi.ac.uk/efo/EFO_1001801,intracranial subdural hematoma
http://www.ebi.ac.uk/efo/EFO_1001839,respiratory aspiration
http://www.ebi.ac.uk/efo/EFO_1001813,Nasal Septal Perforation
http://www.ebi.ac.uk/efo/EFO_1002002,high altitude pulmonary edema
http://www.ebi.ac.uk/efo/EFO_1002030,chronic rhinosinusitis without nasal polyps
http://www.ebi.ac.uk/efo/EFO_1002029,chronic rhinosinusitis with nasal polyps
http://www.ebi.ac.uk/efo/EFO_0008497,chronic lung allograft dysfunction
http://www.ebi.ac.uk/efo/EFO_1002011,adult onset asthma
http://purl.obolibrary.org/obo/HP_0003530,Glutaric acidemia
http://www.ebi.ac.uk/efo/EFO_1001847,spinal subdural hematoma
http://www.ebi.ac.uk/efo/EFO_1001793,fetal hypoxia
http://www.ebi.ac.uk/efo/EFO_1001331,"Genital neoplasm, female"
http://www.ebi.ac.uk/efo/EFO_1001368,Mediastinal Cyst
http://www.ebi.ac.uk/efo/EFO_1001786,erythroplasia
http://www.ebi.ac.uk/efo/EFO_0006890,fibrosis
http://www.ebi.ac.uk/efo/EFO_1001343,"Hemangioma, Cavernous, Central Nervous System"
http://www.ebi.ac.uk/efo/EFO_1001258,"Adenomatosis, Pulmonary"
http://www.ebi.ac.uk/efo/EFO_1001356,"Leiomyoma, Epithelioid"
http://www.ebi.ac.uk/efo/EFO_0008501,dysplasia
http://www.ebi.ac.uk/efo/EFO_1001783,desmoplastic fibroma
http://www.ebi.ac.uk/efo/EFO_1001325,abdominal fibromatosis
http://www.ebi.ac.uk/efo/EFO_1001761,Angiofibroma
http://www.ebi.ac.uk/efo/EFO_1001841,sebaceous of Jadassohn nevus
http://www.ebi.ac.uk/efo/EFO_1001197,subependymal glioma
http://www.ebi.ac.uk/efo/EFO_0004251,myeloproliferative disorder
http://www.ebi.ac.uk/efo/EFO_1001364,Lymphatic Metastasis
http://www.ebi.ac.uk/efo/EFO_1001796,Glomus Jugulare Tumor
http://www.ebi.ac.uk/efo/EFO_1001499,histiocytic medullary reticulosis
http://www.ebi.ac.uk/efo/EFO_1001480,metastatic colorectal cancer
http://www.ebi.ac.uk/efo/EFO_1001848,squamous odontogenic tumor
http://www.ebi.ac.uk/efo/EFO_1002015,HPV-associated cervical carcinoma
http://www.ebi.ac.uk/efo/EFO_1001515,ovarian endometrioid carcinoma
http://www.ebi.ac.uk/efo/EFO_1001514,endometrial endometrioid carcinoma
http://www.ebi.ac.uk/efo/EFO_0008512,micropapillary urothelial carcinoma
http://www.ebi.ac.uk/efo/EFO_1001927,cutaneous squamous cell carcinoma
http://www.ebi.ac.uk/efo/EFO_0008528,urothelial carcinoma
http://www.ebi.ac.uk/efo/EFO_1001371,"Mixed Tumor, Mesodermal"
http://www.ebi.ac.uk/efo/EFO_0005288,non-small cell lung adenocarcinoma
http://www.ebi.ac.uk/efo/EFO_1001941,bronchioloalveolar carcinoma
http://www.ebi.ac.uk/efo/EFO_1001770,"Carcinoma, Lewis Lung"
http://www.ebi.ac.uk/efo/EFO_0009068,dicer1 syndrome
http://www.ebi.ac.uk/efo/EFO_0008505,hepatitis virus-related hepatocellular carcinoma
http://www.ebi.ac.uk/efo/EFO_0008503,hepatitis B virus induced hepatocellular carcinoma
http://www.ebi.ac.uk/efo/EFO_0008504,hepatitis C virus induced hepatocellular carcinoma
http://www.ebi.ac.uk/efo/EFO_0007483,sex cord-gonadal stromal tumor
http://www.ebi.ac.uk/efo/EFO_1001960,hypopharyngeal squamous cell carcinoma
http://www.ebi.ac.uk/efo/EFO_0008502,gastric non-cardia carcinoma
http://www.ebi.ac.uk/efo/EFO_1001278,Brown-Pearce carcinoma
http://www.ebi.ac.uk/efo/EFO_1001958,high grade ovarian serous adenocarcinoma
http://www.ebi.ac.uk/efo/EFO_1001966,rectosigmoid adenocarcinoma
http://www.ebi.ac.uk/efo/EFO_1002016,poorly differentiated follicular thyroid carcinoma
http://www.ebi.ac.uk/efo/EFO_1001953,"endometrial endometrioid adenocarcinoma, variant with squamous differentiation"
http://www.ebi.ac.uk/efo/EFO_1001973,ureter urothelial carcinoma
http://www.ebi.ac.uk/efo/EFO_1001516,ovarian serous carcinoma
http://www.ebi.ac.uk/efo/EFO_1002010,TP53 Positive Breast Carcinoma
http://www.ebi.ac.uk/efo/EFO_1001954,Epstein-Barr virus-related Burkitts lymphoma
http://www.ebi.ac.uk/efo/EFO_1000836,benign monoclonal gammopathy
http://www.ebi.ac.uk/efo/EFO_1002001,core binding factor acute myeloid leukemia
http://www.ebi.ac.uk/efo/EFO_1001943,childhood acute megakaryoblastic leukemia
http://www.ebi.ac.uk/efo/EFO_1001932,adult acute megakaryoblastic leukemia
http://www.ebi.ac.uk/efo/EFO_1001955,erythroleukemia
http://www.ebi.ac.uk/efo/EFO_1001944,childhood acute monocytic leukemia
http://www.ebi.ac.uk/efo/EFO_1001257,acute erythroblastic leukemia
http://www.ebi.ac.uk/efo/EFO_1001934,adult acute myeloid leukemia
http://www.ebi.ac.uk/efo/EFO_1001945,childhood acute myeloid leukemia with maturation
http://www.ebi.ac.uk/efo/EFO_1001755,accelerated phase myeloid leukemia
http://www.ebi.ac.uk/efo/EFO_1001350,Immunoblastic Lymphadenopathy
http://www.ebi.ac.uk/efo/EFO_1001365,"Lymphoma, AIDS-Related"
http://www.ebi.ac.uk/efo/EFO_1001831,pseudolymphoma
http://www.ebi.ac.uk/efo/EFO_0009000,Mast Cell Neoplasm
http://www.ebi.ac.uk/efo/EFO_0009001,Mastocytosis
http://www.ebi.ac.uk/efo/EFO_1000886,cutaneous mastocytosis
http://www.ebi.ac.uk/efo/EFO_1001844,skin mastocytoma
http://www.ebi.ac.uk/efo/EFO_1001229,urticaria pigmentosa
http://www.ebi.ac.uk/efo/EFO_1001965,pharyngeal squamous cell carcinoma
http://www.ebi.ac.uk/efo/EFO_1000488,Polar Spongioblastoma
http://www.ebi.ac.uk/efo/EFO_1000141,Brain Stem Glioblastoma
http://www.ebi.ac.uk/efo/EFO_1001277,Branchioma
http://www.ebi.ac.uk/efo/EFO_0008622,female genital tract polyp
http://www.ebi.ac.uk/efo/EFO_1001763,basal cell neoplasm
http://www.ebi.ac.uk/efo/EFO_1000806,angiomyoma
http://www.ebi.ac.uk/efo/EFO_1001769,carcinoid heart disease
http://www.ebi.ac.uk/efo/EFO_1001862,urinary bladder fistula
http://www.ebi.ac.uk/efo/EFO_1001289,"Cholecystitis, Acute"
http://www.ebi.ac.uk/efo/EFO_1001835,pyelocystitis
http://www.ebi.ac.uk/efo/EFO_0008546,poisoning
http://www.ebi.ac.uk/efo/EFO_1001815,nervous system heavy metal poisoning
http://www.ebi.ac.uk/efo/EFO_1001768,cadmium poisoning
http://www.ebi.ac.uk/efo/EFO_1001328,fluoride poisoning
http://www.ebi.ac.uk/efo/EFO_1001837,rectocele
http://www.ebi.ac.uk/efo/EFO_1001863,Uterine Inertia
http://www.ebi.ac.uk/efo/EFO_1001833,Pubic Symphysis Diastasis
http://www.ebi.ac.uk/efo/EFO_0009003,ovarian dysfunction
http://www.ebi.ac.uk/efo/EFO_0009006,hyperandrogenism
http://www.ebi.ac.uk/efo/EFO_0009008,Ovarian Hyperandrogenism
http://www.ebi.ac.uk/efo/EFO_0009007,Adrenal Hyperandrogenism
http://www.ebi.ac.uk/efo/EFO_0009005,premature menopause
http://www.ebi.ac.uk/efo/EFO_0009004,hyperestrogenism
http://www.ebi.ac.uk/efo/EFO_1001864,uterine prolapse
http://www.ebi.ac.uk/efo/EFO_1001491,abortion
http://www.ebi.ac.uk/efo/EFO_1001799,incomplete abortion
http://www.ebi.ac.uk/efo/EFO_1001255,spontaneous abortion
http://www.ebi.ac.uk/efo/EFO_1001859,testicular hydrocele
