obsolete_mondo_term	label	replaced_by (non-Mondo)
http://purl.obolibrary.org/obo/MONDO_0000839	obsolete congenital abnormality	none
http://purl.obolibrary.org/obo/MONDO_0000991	obsolete left bundle branch block	none
http://purl.obolibrary.org/obo/MONDO_0001578	obsolete hernia of ovary and fallopian tube	none
http://purl.obolibrary.org/obo/MONDO_0001589	obsolete vaginal enterocele	none
http://purl.obolibrary.org/obo/MONDO_0002125	obsolete status epilepticus	none
http://purl.obolibrary.org/obo/MONDO_0002336	obsolete inflammatory and toxic neuropathy	none
http://purl.obolibrary.org/obo/MONDO_0005741	obsolete egg allergy	none
http://purl.obolibrary.org/obo/MONDO_0006748	obsolete epilepsia partialis continua	none
http://purl.obolibrary.org/obo/MONDO_0007021	obsolete wheat allergic disease	none
http://purl.obolibrary.org/obo/MONDO_0007348	obsolete colchicine resistance	none
http://purl.obolibrary.org/obo/MONDO_0007591	obsolete facial hypertrichosis	none
http://purl.obolibrary.org/obo/MONDO_0007607	obsolete Birt-Hogg-Dube syndrome	http://www.ebi.ac.uk/efo/EFO_0700020
http://purl.obolibrary.org/obo/MONDO_0007761	obsolete hyperlipoproteinemia type IV	none
http://purl.obolibrary.org/obo/MONDO_0007779	obsolete autosomal dominant Opitz G/BBB syndrome	none
http://purl.obolibrary.org/obo/MONDO_0008347	obsolete idiopathic and/or familial pulmonary arterial hypertension	none
http://purl.obolibrary.org/obo/MONDO_0008406	obsolete autosomal recessive Emery-Dreifuss muscular dystrophy	http://www.ebi.ac.uk/efo/EFO_0700021
http://purl.obolibrary.org/obo/MONDO_0008597	obsolete trichorhinophalangeal syndrome, type III	none
http://purl.obolibrary.org/obo/MONDO_0008996	obsolete COACH syndrome 1	none
http://purl.obolibrary.org/obo/MONDO_0009930	obsolete pulmonary arteriovenous malformation	none
http://purl.obolibrary.org/obo/MONDO_0010086	obsolete sudden infant death syndrome	none
http://purl.obolibrary.org/obo/MONDO_0010123	obsolete absent thumb-short stature-immunodeficiency syndrome	none
http://purl.obolibrary.org/obo/MONDO_0010994	obsolete micromelic dwarfism, Fryns type	none
http://purl.obolibrary.org/obo/MONDO_0011469	obsolete congenital amegakaryocytic thrombocytopenia	none
http://purl.obolibrary.org/obo/MONDO_0011876	obsolete juvenile absence epilepsy	none
http://purl.obolibrary.org/obo/MONDO_0013524	obsolete bleeding diathesis due to thromboxane synthesis deficiency	http://www.ebi.ac.uk/efo/EFO_0700023
http://purl.obolibrary.org/obo/MONDO_0013586	obsolete Chitotriosidase deficiency	none
http://purl.obolibrary.org/obo/MONDO_0013733	obsolete accelerated tumor formation, susceptibility to	none
http://purl.obolibrary.org/obo/MONDO_0013742	obsolete familial mesial temporal lobe epilepsy with febrile seizures	http://www.ebi.ac.uk/efo/EFO_0700024
http://purl.obolibrary.org/obo/MONDO_0014330	obsolete eculizumab, poor response to	none
http://purl.obolibrary.org/obo/MONDO_0014753	obsolete autosomal recessive optic atrophy	http://www.ebi.ac.uk/efo/EFO_0700025
http://purl.obolibrary.org/obo/MONDO_0014763	obsolete Bombay phenotype	none
http://purl.obolibrary.org/obo/MONDO_0015088	obsolete autosomal dominant pure spastic paraplegia	http://www.ebi.ac.uk/efo/EFO_0700026
http://purl.obolibrary.org/obo/MONDO_0015089	obsolete autosomal recessive complex spastic paraplegia	http://www.ebi.ac.uk/efo/EFO_0700027
http://purl.obolibrary.org/obo/MONDO_0015090	obsolete autosomal recessive pure spastic paraplegia	none
http://purl.obolibrary.org/obo/MONDO_0015110	obsolete genetic cardiac rhythm disease	none
http://purl.obolibrary.org/obo/MONDO_0015111	obsolete gastroesophageal disease	http://www.ebi.ac.uk/efo/EFO_0700028
http://purl.obolibrary.org/obo/MONDO_0015132	obsolete immunodeficiency predominantly affecting antibody production	none
http://purl.obolibrary.org/obo/MONDO_0015135	obsolete primary immunodeficiency due to a genetic defect in innate immunity	none
http://purl.obolibrary.org/obo/MONDO_0015144	obsolete brain inflammatory disease	http://www.ebi.ac.uk/efo/EFO_0700029
http://purl.obolibrary.org/obo/MONDO_0015145	obsolete neurovascular malformation	none
http://purl.obolibrary.org/obo/MONDO_0015147	obsolete other syndrome with lissencephaly as a major feature	none
http://purl.obolibrary.org/obo/MONDO_0015153	obsolete autosomal monosomy	none
http://purl.obolibrary.org/obo/MONDO_0015163	obsolete primary glomerular disease	none
http://purl.obolibrary.org/obo/MONDO_0015178	obsolete congenital intestinal transport defect	none
http://purl.obolibrary.org/obo/MONDO_0015179	obsolete intestinal disease due to vitamin absorption anomaly	none
http://purl.obolibrary.org/obo/MONDO_0015180	obsolete intestinal disease due to fat malabsorption	none
http://purl.obolibrary.org/obo/MONDO_0015182	obsolete congenital enteropathy involving intestinal mucosa development	none
http://purl.obolibrary.org/obo/MONDO_0015207	obsolete non-syndromic esophageal malformation	none
http://purl.obolibrary.org/obo/MONDO_0015208	obsolete syndromic esophageal malformation	none
http://purl.obolibrary.org/obo/MONDO_0015209	obsolete non-syndromic gastroduodenal malformation	none
http://purl.obolibrary.org/obo/MONDO_0015210	obsolete syndromic gastroduodenal malformation	none
http://purl.obolibrary.org/obo/MONDO_0015211	obsolete non-syndromic intestinal malformation	none
http://purl.obolibrary.org/obo/MONDO_0015212	obsolete syndromic intestinal malformation	none
http://purl.obolibrary.org/obo/MONDO_0015213	obsolete non-syndromic visceral malformation	none
http://purl.obolibrary.org/obo/MONDO_0015214	obsolete syndromic visceral malformation	none
http://purl.obolibrary.org/obo/MONDO_0015217	obsolete non-syndromic developmental defect of the eye	none
http://purl.obolibrary.org/obo/MONDO_0015219	obsolete non-syndromic central nervous system malformation	none
http://purl.obolibrary.org/obo/MONDO_0015221	obsolete non-syndromic respiratory or mediastinal malformation	none
http://purl.obolibrary.org/obo/MONDO_0015226	obsolete syndrome with limb malformations as a major feature	none
http://purl.obolibrary.org/obo/MONDO_0015227	obsolete non-syndromic limb malformation	none
http://purl.obolibrary.org/obo/MONDO_0015246	obsolete syndromic anorectal malformation	http://www.ebi.ac.uk/efo/EFO_0700030
http://purl.obolibrary.org/obo/MONDO_0015255	obsolete blepharophimosis-radioulnar synostosis syndrome	none
http://purl.obolibrary.org/obo/MONDO_0015310	obsolete syndromic optic nerve hypoplasia	none
http://purl.obolibrary.org/obo/MONDO_0015330	obsolete overgrowth/obesity syndrome	none
http://purl.obolibrary.org/obo/MONDO_0015332	obsolete rare developmental defect with connective tissue involvement	none
http://purl.obolibrary.org/obo/MONDO_0015334	obsolete branchial arch or oral-acral syndrome	none
http://purl.obolibrary.org/obo/MONDO_0015335	obsolete Mendelian syndromes with cleft lip/palate	none
http://purl.obolibrary.org/obo/MONDO_0015359	obsolete autosomal dominant hereditary demyelinating motor and sensory neuropathy	none
http://purl.obolibrary.org/obo/MONDO_0015360	obsolete autosomal dominant hereditary axonal motor and sensory neuropathy	http://www.ebi.ac.uk/efo/EFO_0700031
http://purl.obolibrary.org/obo/MONDO_0015361	obsolete autosomal recessive hereditary demyelinating motor and sensory neuropathy	http://www.ebi.ac.uk/efo/EFO_0700032
http://purl.obolibrary.org/obo/MONDO_0015365	obsolete autosomal dominant hereditary sensory and autonomic neuropathy	http://www.ebi.ac.uk/efo/EFO_0700033
http://purl.obolibrary.org/obo/MONDO_0015366	obsolete autosomal recessive hereditary sensory and autonomic neuropathy	http://www.ebi.ac.uk/efo/EFO_0700034
http://purl.obolibrary.org/obo/MONDO_0015368	obsolete neuro-ophthalmological disease	none
http://purl.obolibrary.org/obo/MONDO_0015415	obsolete oblique facial cleft	none
http://purl.obolibrary.org/obo/MONDO_0015418	obsolete lateral facial cleft	http://www.ebi.ac.uk/efo/EFO_0700035
http://purl.obolibrary.org/obo/MONDO_0015422	obsolete orofaciodigital syndrome type 13	none
http://purl.obolibrary.org/obo/MONDO_0015424	obsolete lethal chondrodysplasia, Moerman type	none
http://purl.obolibrary.org/obo/MONDO_0015482	obsolete otomandibular dysplasia	none
http://purl.obolibrary.org/obo/MONDO_0015485	obsolete primary hereditary glaucoma	none
http://purl.obolibrary.org/obo/MONDO_0015497	obsolete hypoglossia/aglossia	none
http://purl.obolibrary.org/obo/MONDO_0015499	obsolete paralytic facial malformation	none
http://purl.obolibrary.org/obo/MONDO_0015504	obsolete larynx anomaly	none
http://purl.obolibrary.org/obo/MONDO_0015505	obsolete tracheal anomaly	none
http://purl.obolibrary.org/obo/MONDO_0015506	obsolete rare syndrome with cardiac malformations	none
http://purl.obolibrary.org/obo/MONDO_0015508	obsolete hereditary parenchymatous liver disease	none
http://purl.obolibrary.org/obo/MONDO_0015509	obsolete hereditary biliary tract disease	none
http://purl.obolibrary.org/obo/MONDO_0015512	obsolete genetic hypertension	none
http://purl.obolibrary.org/obo/MONDO_0015551	obsolete basal epidermolysis bullosa simplex	none
http://purl.obolibrary.org/obo/MONDO_0015586	obsolete benign familial mesial temporal lobe epilepsy	http://www.ebi.ac.uk/efo/EFO_0700037
http://purl.obolibrary.org/obo/MONDO_0015603	obsolete rare odontal or periodontal disorder	none
http://purl.obolibrary.org/obo/MONDO_0015617	obsolete hereditary gastro-esophageal disease	none
http://purl.obolibrary.org/obo/MONDO_0015620	obsolete syndromic urogenital tract malformation	none
http://purl.obolibrary.org/obo/MONDO_0015668	obsolete hereditary dentin defect	none
http://purl.obolibrary.org/obo/MONDO_0015669	obsolete rare disease with dentinogenesis imperfecta	none
http://purl.obolibrary.org/obo/MONDO_0015679	obsolete autosomal thrombocytopenia with normal platelets	http://www.ebi.ac.uk/efo/EFO_0700038
http://purl.obolibrary.org/obo/MONDO_0015765	obsolete congenital myopathy with cores	http://www.ebi.ac.uk/efo/EFO_0700039
http://purl.obolibrary.org/obo/MONDO_0015778	obsolete syndromic hypothyroidism	http://www.ebi.ac.uk/efo/EFO_0700040
http://purl.obolibrary.org/obo/MONDO_0015822	obsolete acquired neutropenia	http://www.ebi.ac.uk/efo/EFO_0700041
http://purl.obolibrary.org/obo/MONDO_0015823	obsolete primary immunodeficiency due to a defect in adaptive immunity	http://www.ebi.ac.uk/efo/EFO_0700042
http://purl.obolibrary.org/obo/MONDO_0015885	obsolete rare insulin-resistance syndrome	none
http://purl.obolibrary.org/obo/MONDO_0015890	obsolete rare disorder with congenital hypogonadotropic hypogonadism	none
http://purl.obolibrary.org/obo/MONDO_0015902	obsolete major hypertriglyceridemia	none
http://purl.obolibrary.org/obo/MONDO_0015915	obsolete cerebellar malformation	http://www.ebi.ac.uk/efo/EFO_0700043
http://purl.obolibrary.org/obo/MONDO_0015921	obsolete ARX-related epileptic encephalopathy	http://www.ebi.ac.uk/efo/EFO_0700044
http://purl.obolibrary.org/obo/MONDO_0015930	obsolete respiratory malformation	none
http://purl.obolibrary.org/obo/MONDO_0015950	obsolete inherited skin tumor	none
http://purl.obolibrary.org/obo/MONDO_0015953	obsolete genetic central nervous system and retinal vascular disease	none
http://purl.obolibrary.org/obo/MONDO_0015961	obsolete hereditary head and neck malformation	none
http://purl.obolibrary.org/obo/MONDO_0015965	obsolete rare genetic refraction anomaly	none
http://purl.obolibrary.org/obo/MONDO_0015968	obsolete rare genetic hypothalamic or pituitary disease	none
http://purl.obolibrary.org/obo/MONDO_0015970	obsolete rare genetic parathyroid disease and phosphocalcic metabolism disorder	none
http://purl.obolibrary.org/obo/MONDO_0015975	obsolete hyper-IgM syndrome with susceptibility to opportunistic infections	none
http://purl.obolibrary.org/obo/MONDO_0015976	obsolete hyper-IgM syndrome without susceptibility to opportunistic infections	none
http://purl.obolibrary.org/obo/MONDO_0015979	obsolete hereditary predisposition to infections	none
http://purl.obolibrary.org/obo/MONDO_0015985	obsolete bone dysplasia, Azouz type	none
http://purl.obolibrary.org/obo/MONDO_0016054	obsolete cerebral malformation	http://www.ebi.ac.uk/efo/EFO_0700045
http://purl.obolibrary.org/obo/MONDO_0016072	obsolete anomaly of puberty or/and menstrual cycle of genetic origin	none
http://purl.obolibrary.org/obo/MONDO_0016109	obsolete autosomal recessive distal myopathy	none
http://purl.obolibrary.org/obo/MONDO_0016110	obsolete non-dystrophic myopathy	none
http://purl.obolibrary.org/obo/MONDO_0016114	obsolete bulbospinal muscular atrophy of childhood	none
http://purl.obolibrary.org/obo/MONDO_0016115	obsolete bulbospinal muscular atrophy of adulthood	none
http://purl.obolibrary.org/obo/MONDO_0016116	obsolete generalized bulbospinal muscular atrophy	none
http://purl.obolibrary.org/obo/MONDO_0016117	obsolete muscular lipidosis	none
http://purl.obolibrary.org/obo/MONDO_0016118	obsolete muscular glycogenosis	none
http://purl.obolibrary.org/obo/MONDO_0016121	obsolete congenital myotonia	http://www.ebi.ac.uk/efo/EFO_0700046
http://purl.obolibrary.org/obo/MONDO_0016132	obsolete rare hereditary disease with peripheral neuropathy	none
http://purl.obolibrary.org/obo/MONDO_0016133	obsolete rare hereditary metabolic disease with peripheral neuropathy	none
http://purl.obolibrary.org/obo/MONDO_0016134	obsolete rare hereditary systemic disease with peripheral neuropathy	none
http://purl.obolibrary.org/obo/MONDO_0016135	obsolete rare hereditary neurologic disease with peripheral neuropathy	none
http://purl.obolibrary.org/obo/MONDO_0016137	obsolete acute and subacute inflammatory demyelinating polyneuropathy	none
http://purl.obolibrary.org/obo/MONDO_0016149	obsolete qualitative or quantitative defects of merosin	http://www.ebi.ac.uk/efo/EFO_0700047
http://purl.obolibrary.org/obo/MONDO_0016150	obsolete qualitative or quantitative defects of integrin alpha-7	none
http://purl.obolibrary.org/obo/MONDO_0016152	obsolete qualitative or quantitative defects of calpain	http://www.ebi.ac.uk/efo/EFO_0700048
http://purl.obolibrary.org/obo/MONDO_0016154	obsolete qualitative or quantitative defects of myotubularin	http://www.ebi.ac.uk/efo/EFO_0700049
http://purl.obolibrary.org/obo/MONDO_0016157	obsolete qualitative or quantitative defects of fukutin	none
http://purl.obolibrary.org/obo/MONDO_0016169	obsolete chronic acquired demyelinating polyneuropathy	http://www.ebi.ac.uk/efo/EFO_0700050
http://purl.obolibrary.org/obo/MONDO_0016170	obsolete chronic polyradiculoneuropathy	none
http://purl.obolibrary.org/obo/MONDO_0016182	obsolete qualitative or quantitative defects of protein O-mannose beta1, 2N-acetylglucosaminyltransferase	none
http://purl.obolibrary.org/obo/MONDO_0016183	obsolete qualitative or quantitative defects of protein glycosyltransferase-like	none
http://purl.obolibrary.org/obo/MONDO_0016196	obsolete qualitative or quantitative defects of emerin	none
http://purl.obolibrary.org/obo/MONDO_0016200	obsolete qualitative or quantitative defects of glucosamine (UDP-N-acetyl)-2-epimerase/N-acetylmannosamine kinase	none
http://purl.obolibrary.org/obo/MONDO_0016201	obsolete qualitative or quantitative defects of myotilin	none
http://purl.obolibrary.org/obo/MONDO_0016224	obsolete autosomal dominant proximal spinal muscular atrophy	http://www.ebi.ac.uk/efo/EFO_0700051
http://purl.obolibrary.org/obo/MONDO_0016229	obsolete hereditary vascular anomaly	none
http://purl.obolibrary.org/obo/MONDO_0016320	obsolete rare hereditary thrombophilia	none
http://purl.obolibrary.org/obo/MONDO_0016361	obsolete isolated hereditary giant platelet disorder	none
http://purl.obolibrary.org/obo/MONDO_0016409	obsolete primary congenital hypothyroidism	http://www.ebi.ac.uk/efo/EFO_0700053
http://purl.obolibrary.org/obo/MONDO_0016513	obsolete alpha-thalassemia-related diseases	none
http://purl.obolibrary.org/obo/MONDO_0016518	obsolete isolated punctate palmoplantar keratoderma	none
http://purl.obolibrary.org/obo/MONDO_0016520	obsolete isolated Klippel-Feil syndrome	http://www.ebi.ac.uk/efo/EFO_0700054
http://purl.obolibrary.org/obo/MONDO_0016524	obsolete congenital vascular bone syndrome	none
http://purl.obolibrary.org/obo/MONDO_0016536	obsolete autosomal recessive lymphoproliferative disease	http://www.ebi.ac.uk/efo/EFO_0700055
http://purl.obolibrary.org/obo/MONDO_0016565	obsolete syndromic genetic obesity	none
http://purl.obolibrary.org/obo/MONDO_0016579	obsolete dominant hypophosphatemia with nephrolithiasis or osteoporosis	none
http://purl.obolibrary.org/obo/MONDO_0016589	obsolete progressive cerebello-cerebral atrophy	http://www.ebi.ac.uk/efo/EFO_0700056
http://purl.obolibrary.org/obo/MONDO_0016599	obsolete autosomal dominant secondary polycythemia	http://www.ebi.ac.uk/efo/EFO_0700057
http://purl.obolibrary.org/obo/MONDO_0016626	obsolete hemolytic anemia due to glyceraldehyde-3-phosphate dehydrogenase deficiency	none
http://purl.obolibrary.org/obo/MONDO_0016633	obsolete thrombotic disorder due to a constitutional coagulation factors defect	none
http://purl.obolibrary.org/obo/MONDO_0016636	obsolete thrombotic disorder due to a constitutional platelet anomaly	none
http://purl.obolibrary.org/obo/MONDO_0016647	obsolete autosomal recessive Stickler syndrome	none
http://purl.obolibrary.org/obo/MONDO_0016667	obsolete sickle cell disease associated with an other hemoglobin anomaly	none
http://purl.obolibrary.org/obo/MONDO_0016701	obsolete oligoastrocytic tumor	http://www.ebi.ac.uk/efo/EFO_0700058
http://purl.obolibrary.org/obo/MONDO_0016726	obsolete neuronal tumor	http://www.ebi.ac.uk/efo/EFO_0700059
http://purl.obolibrary.org/obo/MONDO_0016794	obsolete maternally-inherited mitochondrial myopathy	none
http://purl.obolibrary.org/obo/MONDO_0016797	obsolete multiple mitochondrial DNA deletion syndrome	none
http://purl.obolibrary.org/obo/MONDO_0016803	obsolete unspecified inborn mitochondrial disorder	none
http://purl.obolibrary.org/obo/MONDO_0016815	obsolete Leigh syndrome with leukodystrophy	none
http://purl.obolibrary.org/obo/MONDO_0016816	obsolete Leigh syndrome with nephrotic syndrome	none
http://purl.obolibrary.org/obo/MONDO_0016899	obsolete Duchenne and Becker muscular dystrophy	http://www.ebi.ac.uk/efo/EFO_0700060
http://purl.obolibrary.org/obo/MONDO_0016998	obsolete complex chromosomal rearrangement	none
http://purl.obolibrary.org/obo/MONDO_0016999	obsolete X chromosome number anomaly	none
http://purl.obolibrary.org/obo/MONDO_0017002	obsolete polysomy of X chromosome	none
http://purl.obolibrary.org/obo/MONDO_0017005	obsolete Y chromosome number anomaly	none
http://purl.obolibrary.org/obo/MONDO_0017006	obsolete X and Y chromosomal anomaly	none
http://purl.obolibrary.org/obo/MONDO_0017011	obsolete uniparental disomy of chromosome X	none
http://purl.obolibrary.org/obo/MONDO_0017040	obsolete exposure-related interstitial lung disease	none
http://purl.obolibrary.org/obo/MONDO_0017057	obsolete hereditary thrombocytopenia with normal platelets	http://www.ebi.ac.uk/efo/EFO_0700062
http://purl.obolibrary.org/obo/MONDO_0017059	obsolete neural tube closure defect	none
http://purl.obolibrary.org/obo/MONDO_0017090	obsolete midline cerebral malformation	http://www.ebi.ac.uk/efo/EFO_0700063
http://purl.obolibrary.org/obo/MONDO_0017122	obsolete genetic syndrome with corpus callosum agenesis/dysgenesis as a major feature	none
http://purl.obolibrary.org/obo/MONDO_0017127	obsolete inherited soft tissue tumor	none
http://purl.obolibrary.org/obo/MONDO_0017128	obsolete inherited digestive tract tumor	none
http://purl.obolibrary.org/obo/MONDO_0017129	obsolete inherited cardiac tumor	none
http://purl.obolibrary.org/obo/MONDO_0017131	obsolete hereditary cardiac anomaly	http://www.ebi.ac.uk/efo/EFO_0700064
http://purl.obolibrary.org/obo/MONDO_0017143	obsolete genetic infertility	none
http://purl.obolibrary.org/obo/MONDO_0017144	obsolete alpha-thalassemia and related diseases	none
http://purl.obolibrary.org/obo/MONDO_0017146	obsolete sickle cell disease and related diseases	http://www.ebi.ac.uk/efo/EFO_0700066
http://purl.obolibrary.org/obo/MONDO_0017173	obsolete non-syndromic male infertility due to sperm motility disorder	http://www.ebi.ac.uk/efo/EFO_0700067
http://purl.obolibrary.org/obo/MONDO_0017218	obsolete septopreoptic holoprosencephaly	http://www.ebi.ac.uk/efo/EFO_0700068
http://purl.obolibrary.org/obo/MONDO_0017234	obsolete inherited prion disease	http://www.ebi.ac.uk/efo/EFO_0700069
http://purl.obolibrary.org/obo/MONDO_0017240	obsolete acrodysostosis with multiple hormone resistance	none
http://purl.obolibrary.org/obo/MONDO_0017241	obsolete AP4-related intellectual disability and spastic paraplegia	none
http://purl.obolibrary.org/obo/MONDO_0017262	obsolete inherited non-syndromic ichthyosis	none
http://purl.obolibrary.org/obo/MONDO_0017263	obsolete inherited ichthyosis syndromic form	none
http://purl.obolibrary.org/obo/MONDO_0017270	obsolete autosomal ichthyosis syndrome	none
http://purl.obolibrary.org/obo/MONDO_0017302	obsolete qualitative or quantitative defects of troponin	none
http://purl.obolibrary.org/obo/MONDO_0017336	obsolete fatal infantile hypertrophic cardiomyopathy due to mitochondrial complex I deficiency	none
http://purl.obolibrary.org/obo/MONDO_0017397	obsolete constitutional dyserythropoietic anemia	none
http://purl.obolibrary.org/obo/MONDO_0017420	obsolete intercalary limb defects	none
http://purl.obolibrary.org/obo/MONDO_0017421	obsolete non-syndromic terminal limb defects	none
http://purl.obolibrary.org/obo/MONDO_0017422	obsolete adactyly of hand	none
http://purl.obolibrary.org/obo/MONDO_0017423	obsolete split hand or/and split foot malformation	http://www.ebi.ac.uk/efo/EFO_0700070
http://purl.obolibrary.org/obo/MONDO_0017428	obsolete congenital deformities of fingers	none
http://purl.obolibrary.org/obo/MONDO_0017429	obsolete joint formation defects	none
http://purl.obolibrary.org/obo/MONDO_0017430	obsolete non-syndromic congenital joint dislocations	none
http://purl.obolibrary.org/obo/MONDO_0017431	obsolete non-syndromic limb overgrowth	none
http://purl.obolibrary.org/obo/MONDO_0017447	obsolete congenital absence/hypoplasia of thumb	none
http://purl.obolibrary.org/obo/MONDO_0017448	obsolete congenital absence/hypoplasia of fingers excluding thumb	none
http://purl.obolibrary.org/obo/MONDO_0017506	obsolete congenital absence/hypoplasia of thumb, unilateral	none
http://purl.obolibrary.org/obo/MONDO_0017507	obsolete congenital absence/hypoplasia of thumb, bilateral	none
http://purl.obolibrary.org/obo/MONDO_0017508	obsolete congenital absence/hypoplasia of fingers excluding thumb, bilateral	none
http://purl.obolibrary.org/obo/MONDO_0017581	obsolete familial infantile gigantism	http://www.ebi.ac.uk/efo/EFO_0700071
http://purl.obolibrary.org/obo/MONDO_0017629	obsolete sodium channelopathy-related small fiber neuropathy	http://www.ebi.ac.uk/efo/EFO_0700072
http://purl.obolibrary.org/obo/MONDO_0017651	obsolete primary myoclonus	none
http://purl.obolibrary.org/obo/MONDO_0017656	obsolete motor stereotypies	none
http://purl.obolibrary.org/obo/MONDO_0017657	obsolete rare paroxysmal movement disorder	none
http://purl.obolibrary.org/obo/MONDO_0017661	obsolete rare parkinsonian syndrome due to genetic neurodegenerative disease	none
http://purl.obolibrary.org/obo/MONDO_0017663	obsolete inherited tremor disorder	none
http://purl.obolibrary.org/obo/MONDO_0017665	obsolete rare genetic disease with myoclonus as a major feature	none
http://purl.obolibrary.org/obo/MONDO_0017667	obsolete isolated diffuse palmoplantar keratoderma	none
http://purl.obolibrary.org/obo/MONDO_0017669	obsolete disease with diffuse palmoplantar keratoderma as a major feature	none
http://purl.obolibrary.org/obo/MONDO_0017670	obsolete autosomal dominant diffuse mutilating palmoplantar keratoderma	none
http://purl.obolibrary.org/obo/MONDO_0017671	obsolete autosomal recessive disease with diffuse palmoplantar keratoderma as a major feature	none
http://purl.obolibrary.org/obo/MONDO_0017673	obsolete isolated focal palmoplantar keratoderma	none
http://purl.obolibrary.org/obo/MONDO_0017674	obsolete disease with focal palmoplantar keratoderma as a major feature	none
http://purl.obolibrary.org/obo/MONDO_0017676	obsolete marginal papular palmoplantar keratoderma	none
http://purl.obolibrary.org/obo/MONDO_0017709	obsolete disorder of lipid absorption and transport	none
http://purl.obolibrary.org/obo/MONDO_0017742	obsolete disorder of O-xylosylglycan synthesis	none
http://purl.obolibrary.org/obo/MONDO_0017743	obsolete disorder of O-N-acetylgalactosaminylglycan synthesis	none
http://purl.obolibrary.org/obo/MONDO_0017744	obsolete disorder of O-xylosyl/N-acetylgalactosaminylglycan synthesis	none
http://purl.obolibrary.org/obo/MONDO_0017745	obsolete disorder of O-mannosylglycan synthesis	none
http://purl.obolibrary.org/obo/MONDO_0017753	obsolete disorder of peroxisomal alpha-, beta- and omega-oxidation	none
http://purl.obolibrary.org/obo/MONDO_0017756	obsolete disorder of pterin metabolism	none
http://purl.obolibrary.org/obo/MONDO_0017760	obsolete disorder of other vitamins and cofactors metabolism and transport	none
http://purl.obolibrary.org/obo/MONDO_0017770	obsolete Robinow-like syndrome	none
http://purl.obolibrary.org/obo/MONDO_0017828	obsolete primary renal tubular acidosis	none
http://purl.obolibrary.org/obo/MONDO_0017891	obsolete inherited renal cancer-predisposing syndrome	none
http://purl.obolibrary.org/obo/MONDO_0017912	obsolete X-linked pure spastic paraplegia	none
http://purl.obolibrary.org/obo/MONDO_0017914	obsolete pure or complex autosomal dominant spastic paraplegia	none
http://purl.obolibrary.org/obo/MONDO_0017915	obsolete pure or complex autosomal recessive spastic paraplegia	http://www.ebi.ac.uk/efo/EFO_0700073
http://purl.obolibrary.org/obo/MONDO_0017916	obsolete pure or complex X-linked spastic paraplegia	none
http://purl.obolibrary.org/obo/MONDO_0017922	obsolete deafness-onychodystrophy syndrome	http://www.ebi.ac.uk/efo/EFO_0700074
http://purl.obolibrary.org/obo/MONDO_0017950	obsolete microcephalic primordial dwarfism	http://www.ebi.ac.uk/efo/EFO_0700075
http://purl.obolibrary.org/obo/MONDO_0017961	obsolete 46,XX disorder of gonadal development	none
http://purl.obolibrary.org/obo/MONDO_0017962	obsolete 46,XX disorder of sex development induced by fetoplacental androgens excess	none
http://purl.obolibrary.org/obo/MONDO_0017966	obsolete 46,XY disorder of gonadal development	none
http://purl.obolibrary.org/obo/MONDO_0017969	obsolete 46,XY disorder of sex development of endocrine origin	none
http://purl.obolibrary.org/obo/MONDO_0017977	obsolete 46,XY disorder of sex development of gynecological interest	none
http://purl.obolibrary.org/obo/MONDO_0017984	obsolete familial lambdoid synostosis	none
http://purl.obolibrary.org/obo/MONDO_0018033	obsolete other immunodeficiency syndromes due to defects in innate immunity	none
http://purl.obolibrary.org/obo/MONDO_0018035	obsolete syndrome with combined immunodeficiency	none
http://purl.obolibrary.org/obo/MONDO_0018041	obsolete other immunodeficiency syndrome with predominantly antibody defects	none
http://purl.obolibrary.org/obo/MONDO_0018112	obsolete isolated scaphocephaly	http://www.ebi.ac.uk/efo/EFO_0700076
http://purl.obolibrary.org/obo/MONDO_0018113	obsolete isolated plagiocephaly	http://www.ebi.ac.uk/efo/EFO_0700077
http://purl.obolibrary.org/obo/MONDO_0018114	obsolete isolated brachycephaly	http://www.ebi.ac.uk/efo/EFO_0700078
http://purl.obolibrary.org/obo/MONDO_0018138	obsolete ocular albinism with congenital sensorineural hearing loss	none
http://purl.obolibrary.org/obo/MONDO_0018144	obsolete congenital myasthenic syndromes with glycosylation defect	http://www.ebi.ac.uk/efo/EFO_0700079
http://purl.obolibrary.org/obo/MONDO_0018185	obsolete congenital anomaly of the great veins	none
http://purl.obolibrary.org/obo/MONDO_0018186	obsolete ring chromosome	none
http://purl.obolibrary.org/obo/MONDO_0018187	obsolete hereditary syndromic Pierre Robin syndrome	none
http://purl.obolibrary.org/obo/MONDO_0018188	obsolete hereditary intestinal polyposis	http://www.ebi.ac.uk/efo/EFO_0700080
http://purl.obolibrary.org/obo/MONDO_0018236	obsolete dysostosis with limb and face anomalies as a major feature	none
http://purl.obolibrary.org/obo/MONDO_0018239	obsolete aggrecan-related bone disorder	none
http://purl.obolibrary.org/obo/MONDO_0018241	obsolete primary short bowel syndrome	http://www.ebi.ac.uk/efo/EFO_0700081
http://purl.obolibrary.org/obo/MONDO_0018246	obsolete homozygous 2p21 microdeletion syndrome	http://www.ebi.ac.uk/efo/EFO_0700082
http://purl.obolibrary.org/obo/MONDO_0018262	obsolete fetal anticonvulsant syndrome	http://www.ebi.ac.uk/efo/EFO_0700083
http://purl.obolibrary.org/obo/MONDO_0018265	obsolete rare disorder with dystonia and other neurologic or systemic manifestation	none
http://purl.obolibrary.org/obo/MONDO_0018277	obsolete congenital muscular dystrophy with cerebellar involvement	http://www.ebi.ac.uk/efo/EFO_0700084
http://purl.obolibrary.org/obo/MONDO_0018283	obsolete primary qualitative or quantitative defects of alpha-dystroglycan	http://www.ebi.ac.uk/efo/EFO_0700086
http://purl.obolibrary.org/obo/MONDO_0018285	obsolete X-linked congenital disorder of glycosylation with intellectual disability as a major feature	none
http://purl.obolibrary.org/obo/MONDO_0018286	obsolete non-X-linked congenital disorder of glycosylation with intellectual disability as a major feature	none
http://purl.obolibrary.org/obo/MONDO_0018287	obsolete congenital disorder of glycosylation with epilepsy as a major feature	none
http://purl.obolibrary.org/obo/MONDO_0018290	obsolete congenital disorder of glycosylation with cardiac malformation as a major feature	none
http://purl.obolibrary.org/obo/MONDO_0018292	obsolete congenital disorder of glycosylation-related bone disorder	none
http://purl.obolibrary.org/obo/MONDO_0018294	obsolete congenital disorder of glycosylation with nephropathy as a major feature	none
http://purl.obolibrary.org/obo/MONDO_0018295	obsolete congenital disorder of glycosylation with deafness as a major feature	none
http://purl.obolibrary.org/obo/MONDO_0018318	obsolete disorder of asparagine metabolism	none
http://purl.obolibrary.org/obo/MONDO_0018329	obsolete persistent combined dystonia	none
http://purl.obolibrary.org/obo/MONDO_0018340	obsolete hereditary isolated aplastic anemia	http://www.ebi.ac.uk/efo/EFO_0700087
http://purl.obolibrary.org/obo/MONDO_0018344	obsolete periodic paralysis with transient compartment-like syndrome	none
http://purl.obolibrary.org/obo/MONDO_0018377	obsolete rare hereditary disease with avascular necrosis	none
http://purl.obolibrary.org/obo/MONDO_0018384	obsolete avascular necrosis of genetic origin	none
http://purl.obolibrary.org/obo/MONDO_0018385	obsolete osteochondrosis of genetic origin	none
http://purl.obolibrary.org/obo/MONDO_0018388	obsolete rare male infertility due to testicular endocrine disorder	none
http://purl.obolibrary.org/obo/MONDO_0018393	obsolete male infertility with azoospermia or oligozoospermia due to single gene mutation	http://www.ebi.ac.uk/efo/EFO_0700088
http://purl.obolibrary.org/obo/MONDO_0018405	obsolete rare male infertility due to hypothalamic-pituitary-gonadal axis disorder of genetic origin	none
http://purl.obolibrary.org/obo/MONDO_0018406	obsolete rare male infertility due to adrenal disorder of genetic origin	none
http://purl.obolibrary.org/obo/MONDO_0018409	obsolete rare genetic disorder with obstructive azoospermia	none
http://purl.obolibrary.org/obo/MONDO_0018411	obsolete rare female infertility due to hypothalamic-pituitary-gonadal axis disorder of genetic origin	none
http://purl.obolibrary.org/obo/MONDO_0018412	obsolete rare female infertility due to adrenal disorder of genetic origin	none
http://purl.obolibrary.org/obo/MONDO_0018413	obsolete female infertility due to an anomaly of ovarian function of genetic origin	none
http://purl.obolibrary.org/obo/MONDO_0018451	obsolete X-linked distal hereditary motor neuropathy	http://www.ebi.ac.uk/efo/EFO_0700089
http://purl.obolibrary.org/obo/MONDO_0018454	obsolete dysostosis of genetic origin	none
http://purl.obolibrary.org/obo/MONDO_0018455	obsolete dysostosis of genetic origin with limb anomaly as a major feature	none
http://purl.obolibrary.org/obo/MONDO_0018457	obsolete rare genetic bone development disorder	none
http://purl.obolibrary.org/obo/MONDO_0018574	obsolete intellectual disability-expressive aphasia-facial dysmorphism syndrome	http://www.ebi.ac.uk/efo/EFO_0700090
http://purl.obolibrary.org/obo/MONDO_0018575	obsolete microcephalic primordial dwarfism-insulin resistance syndrome	http://www.ebi.ac.uk/efo/EFO_0700091
http://purl.obolibrary.org/obo/MONDO_0018598	obsolete neonatal adrenoleukodystrophy	none
http://purl.obolibrary.org/obo/MONDO_0018701	obsolete congenital nemaline myopathy	http://www.ebi.ac.uk/efo/EFO_0700092
http://purl.obolibrary.org/obo/MONDO_0018743	obsolete immune-mediated acquired neuromuscular junction disease	none
http://purl.obolibrary.org/obo/MONDO_0018758	obsolete familial patent arterial duct	http://www.ebi.ac.uk/efo/EFO_0700093
http://purl.obolibrary.org/obo/MONDO_0018775	obsolete axonal hereditary motor and sensory neuropathy	http://www.ebi.ac.uk/efo/EFO_0700094
http://purl.obolibrary.org/obo/MONDO_0018788	obsolete COL4A1 or COL4A2-related cerebral small vessel disease	http://www.ebi.ac.uk/efo/EFO_0700096
http://purl.obolibrary.org/obo/MONDO_0018791	obsolete Moyomoya angiopathy	none
http://purl.obolibrary.org/obo/MONDO_0018796	obsolete isolated constitutional thrombocytopenia	none
http://purl.obolibrary.org/obo/MONDO_0018831	obsolete HTRA1-related cerebral small vessel disease	http://www.ebi.ac.uk/efo/EFO_0700097
http://purl.obolibrary.org/obo/MONDO_0018916	obsolete isolated anorectal malformation	http://www.ebi.ac.uk/efo/EFO_0700099
http://purl.obolibrary.org/obo/MONDO_0019039	obsolete rare hemorrhagic disorder due to a constitutional coagulation factors defect	none
http://purl.obolibrary.org/obo/MONDO_0019044	obsolete tumor of hematopoietic and lymphoid tissues	none
http://purl.obolibrary.org/obo/MONDO_0019058	obsolete neurometabolic disease	none
http://purl.obolibrary.org/obo/MONDO_0019063	obsolete vascular anomaly	http://www.ebi.ac.uk/efo/EFO_0700100
http://purl.obolibrary.org/obo/MONDO_0019097	obsolete hemorrhagic disorder due to a constitutional platelet anomaly	none
http://purl.obolibrary.org/obo/MONDO_0019126	obsolete intractable diarrhea of infancy	http://www.ebi.ac.uk/efo/EFO_0700101
http://purl.obolibrary.org/obo/MONDO_0019138	obsolete bleeding diathesis due to a collagen receptor defect	none
http://purl.obolibrary.org/obo/MONDO_0019150	obsolete familial isolated restrictive cardiomyopathy	http://www.ebi.ac.uk/efo/EFO_0700102
http://purl.obolibrary.org/obo/MONDO_0019174	obsolete infantile Refsum disease	none
http://purl.obolibrary.org/obo/MONDO_0019213	obsolete cerebral organic aciduria	none
http://purl.obolibrary.org/obo/MONDO_0019227	obsolete inborn disorder of glycerol metabolism	none
http://purl.obolibrary.org/obo/MONDO_0019275	obsolete other genetic epidermal disease	none
http://purl.obolibrary.org/obo/MONDO_0019281	obsolete isolated genetic hair shaft abnormality	none
http://purl.obolibrary.org/obo/MONDO_0019282	obsolete syndromic hair shaft abnormality	none
http://purl.obolibrary.org/obo/MONDO_0019285	obsolete syndromic nail anomaly	none
http://purl.obolibrary.org/obo/MONDO_0019292	obsolete dermis elastic tissue disorder	none
http://purl.obolibrary.org/obo/MONDO_0019505	obsolete hypomyelination-hypogonadotropic hypogonadism-hypodontia syndrome	http://www.ebi.ac.uk/efo/EFO_0700106
http://purl.obolibrary.org/obo/MONDO_0019513	obsolete esophageal malformation	none
http://purl.obolibrary.org/obo/MONDO_0019520	obsolete syndromic lymphedema	http://www.ebi.ac.uk/efo/EFO_0700107
http://purl.obolibrary.org/obo/MONDO_0019541	obsolete non-infectious posterior uveitis	http://www.ebi.ac.uk/efo/EFO_0700108
http://purl.obolibrary.org/obo/MONDO_0019589	obsolete syndromic genetic hearing loss	none
http://purl.obolibrary.org/obo/MONDO_0019593	obsolete 46,XX disorder of sex development induced by fetal androgens excess	none
http://purl.obolibrary.org/obo/MONDO_0019597	obsolete 46,XY disorder of sex development due to isolated 17,20-lyase deficiency	none
http://purl.obolibrary.org/obo/MONDO_0019599	obsolete primary lipodystrophy	http://www.ebi.ac.uk/efo/EFO_0700109
http://purl.obolibrary.org/obo/MONDO_0019601	obsolete autosomal recessive axonal hereditary motor and sensory neuropathy	none
http://purl.obolibrary.org/obo/MONDO_0019602	obsolete other inborn metabolic disease	none
http://purl.obolibrary.org/obo/MONDO_0019619	obsolete duplication of the esophagus	none
http://purl.obolibrary.org/obo/MONDO_0019688	obsolete sulfation-related bone disorder	http://www.ebi.ac.uk/efo/EFO_0700110
http://purl.obolibrary.org/obo/MONDO_0019689	obsolete perlecan-related bone disorder	none
http://purl.obolibrary.org/obo/MONDO_0019692	obsolete multiple epiphyseal dysplasia and pseudoachondroplasia	none
http://purl.obolibrary.org/obo/MONDO_0019693	obsolete multiple metaphyseal dysplasia	http://www.ebi.ac.uk/efo/EFO_0700111
http://purl.obolibrary.org/obo/MONDO_0019697	obsolete mesomelic and rhizo-mesomelic dysplasia	none
http://purl.obolibrary.org/obo/MONDO_0019699	obsolete slender bone dysplasia	none
http://purl.obolibrary.org/obo/MONDO_0019712	obsolete patellar dysostosis	none
http://purl.obolibrary.org/obo/MONDO_0019714	obsolete non-syndromic polydactyly, syndactyly and/or hyperphalangy	none
http://purl.obolibrary.org/obo/MONDO_0019718	obsolete lethal chondrodysplasia	http://www.ebi.ac.uk/efo/EFO_0700112
http://purl.obolibrary.org/obo/MONDO_0019720	obsolete non-syndromic renal or urinary tract malformation	none
http://purl.obolibrary.org/obo/MONDO_0019721	obsolete syndromic renal or urinary tract malformation	none
http://purl.obolibrary.org/obo/MONDO_0019723	obsolete disease of glomerular basement membrane	none
http://purl.obolibrary.org/obo/MONDO_0019743	obsolete nephropathy secondary to a storage or other metabolic disease	none
http://purl.obolibrary.org/obo/MONDO_0019758	obsolete midline interhemispheric variant of holoprosencephaly	http://www.ebi.ac.uk/efo/EFO_0700113
http://purl.obolibrary.org/obo/MONDO_0019774	obsolete Holmes-Gang syndrome	none
http://purl.obolibrary.org/obo/MONDO_0019776	obsolete Juberg-Marsidi syndrome	none
http://purl.obolibrary.org/obo/MONDO_0019779	obsolete Renier-Gabreels-Jasper syndrome	none
http://purl.obolibrary.org/obo/MONDO_0019800	obsolete chronic hepatic porphyria	http://www.ebi.ac.uk/efo/EFO_0700114
http://purl.obolibrary.org/obo/MONDO_0019899	obsolete distal monosomy 20q	none
http://purl.obolibrary.org/obo/MONDO_0019936	obsolete rare otorhinolaryngological malformation	none
http://purl.obolibrary.org/obo/MONDO_0019998	obsolete gastroduodenal malformation	none
http://purl.obolibrary.org/obo/MONDO_0019999	obsolete intestinal malformation	none
http://purl.obolibrary.org/obo/MONDO_0020018	obsolete cranial malformation	http://www.ebi.ac.uk/efo/EFO_0700115
http://purl.obolibrary.org/obo/MONDO_0020019	obsolete digestive tract malformation	http://www.ebi.ac.uk/efo/EFO_0700116
http://purl.obolibrary.org/obo/MONDO_0020020	obsolete visceral malformation of the liver, biliary tract, pancreas or spleen	none
http://purl.obolibrary.org/obo/MONDO_0020023	obsolete respiratory or mediastinal malformation	none
http://purl.obolibrary.org/obo/MONDO_0020050	obsolete autosomal trisomy	none
http://purl.obolibrary.org/obo/MONDO_0020051	obsolete total autosomal trisomy	none
http://purl.obolibrary.org/obo/MONDO_0020052	obsolete partial autosomal trisomy/tetrasomy	none
http://purl.obolibrary.org/obo/MONDO_0020053	obsolete total autosomal monosomy	none
http://purl.obolibrary.org/obo/MONDO_0020054	obsolete partial autosomal monosomy	none
http://purl.obolibrary.org/obo/MONDO_0020055	obsolete autosomal uniparental disomy	none
http://purl.obolibrary.org/obo/MONDO_0020056	obsolete uniparental disomy of maternal origin	none
http://purl.obolibrary.org/obo/MONDO_0020057	obsolete uniparental disomy of paternal origin	none
http://purl.obolibrary.org/obo/MONDO_0020059	obsolete gonosome number anomaly	none
http://purl.obolibrary.org/obo/MONDO_0020060	obsolete gonosome structural anomaly	none
http://purl.obolibrary.org/obo/MONDO_0020061	obsolete chromosome Y structural anomaly	none
http://purl.obolibrary.org/obo/MONDO_0020062	obsolete chromosome X structural anomaly	none
http://purl.obolibrary.org/obo/MONDO_0020073	obsolete adolescent-onset epilepsy syndrome	none
http://purl.obolibrary.org/obo/MONDO_0020075	obsolete hereditary non-syndromic obesity	none
http://purl.obolibrary.org/obo/MONDO_0020093	obsolete autosomal dominant isolated diffuse palmoplantar keratoderma	none
http://purl.obolibrary.org/obo/MONDO_0020094	obsolete autosomal dominant disease with diffuse palmoplantar keratoderma as a major feature	none
http://purl.obolibrary.org/obo/MONDO_0020095	obsolete autosomal dominant disease associated with focal palmoplantar keratoderma as a major feature	none
http://purl.obolibrary.org/obo/MONDO_0020096	obsolete autosomal recessive isolated diffuse palmoplantar keratoderma	none
http://purl.obolibrary.org/obo/MONDO_0020097	obsolete autosomal recessive disease with focal palmoplantar keratoderma as a major feature	none
http://purl.obolibrary.org/obo/MONDO_0020104	obsolete rare constitutional hemolytic anemia due to an enzyme disorder	none
http://purl.obolibrary.org/obo/MONDO_0020118	obsolete dense granule disease	none
http://purl.obolibrary.org/obo/MONDO_0020132	obsolete cranial nerve and nuclear aplasia	none
http://purl.obolibrary.org/obo/MONDO_0020133	obsolete posterior fossa malformation	http://www.ebi.ac.uk/efo/EFO_0700117
http://purl.obolibrary.org/obo/MONDO_0020144	obsolete cerebrovascular dementia	none
http://purl.obolibrary.org/obo/MONDO_0020145	obsolete developmental defect of the eye	http://www.ebi.ac.uk/efo/EFO_0700118
http://purl.obolibrary.org/obo/MONDO_0020146	obsolete major induction processes eye anomaly	none
http://purl.obolibrary.org/obo/MONDO_0020147	obsolete anophthalmia-microphthalmia syndrome	http://www.ebi.ac.uk/efo/EFO_0700119
http://purl.obolibrary.org/obo/MONDO_0020148	obsolete syndromic aniridia	http://www.ebi.ac.uk/efo/EFO_0700120
http://purl.obolibrary.org/obo/MONDO_0020149	obsolete rare eye disease due to a differentiation anomaly	none
http://purl.obolibrary.org/obo/MONDO_0020152	obsolete rare eyelid malformation	none
http://purl.obolibrary.org/obo/MONDO_0020154	obsolete microblepharon-ablephara syndrome	none
http://purl.obolibrary.org/obo/MONDO_0020155	obsolete eyelid border anomaly	none
http://purl.obolibrary.org/obo/MONDO_0020156	obsolete syndromic ankyloblepharon	none
http://purl.obolibrary.org/obo/MONDO_0020157	obsolete syndromic palpebral coloboma	none
http://purl.obolibrary.org/obo/MONDO_0020158	obsolete eyelids malposition disorder	none
http://purl.obolibrary.org/obo/MONDO_0020160	obsolete secondary entropion	none
http://purl.obolibrary.org/obo/MONDO_0020162	obsolete secondary ectropion	none
http://purl.obolibrary.org/obo/MONDO_0020163	obsolete canthal anomaly	none
http://purl.obolibrary.org/obo/MONDO_0020164	obsolete epicanthal fold	http://www.ebi.ac.uk/efo/EFO_0700121
http://purl.obolibrary.org/obo/MONDO_0020165	obsolete syndromic epicanthus	none
http://purl.obolibrary.org/obo/MONDO_0020167	obsolete malposition of external canthus	none
http://purl.obolibrary.org/obo/MONDO_0020174	obsolete precancerous lesion of palpebral epidermis	none
http://purl.obolibrary.org/obo/MONDO_0020176	obsolete palpebral sebaceous gland tumor	none
http://purl.obolibrary.org/obo/MONDO_0020177	obsolete pigmented palpebral tumor	none
http://purl.obolibrary.org/obo/MONDO_0020178	obsolete palpebral lentiginosis	none
http://purl.obolibrary.org/obo/MONDO_0020180	obsolete palpebral piliary tumor	none
http://purl.obolibrary.org/obo/MONDO_0020181	obsolete mesenchymatous palpebral tumor	none
http://purl.obolibrary.org/obo/MONDO_0020193	obsolete secretory apparatus of the lacrimal system anomaly	none
http://purl.obolibrary.org/obo/MONDO_0020194	obsolete congenital alacrima	none
http://purl.obolibrary.org/obo/MONDO_0020195	obsolete excretory apparatus of the lacrimal system anomaly	none
http://purl.obolibrary.org/obo/MONDO_0020196	obsolete anomaly of the secretory and excretory apparatus of the lacrimal system	none
http://purl.obolibrary.org/obo/MONDO_0020197	obsolete EEC syndrome and related syndrome	none
http://purl.obolibrary.org/obo/MONDO_0020203	obsolete pigmented conjunctival lesion	none
http://purl.obolibrary.org/obo/MONDO_0020205	obsolete bulbar conjunctival dermoid or conjunctival dermolipoma	none
http://purl.obolibrary.org/obo/MONDO_0020208	obsolete syndromic myopia	none
http://purl.obolibrary.org/obo/MONDO_0020209	obsolete rare hyperopia and astigmatism	none
http://purl.obolibrary.org/obo/MONDO_0020210	obsolete syndromic hyperopia	none
http://purl.obolibrary.org/obo/MONDO_0020211	obsolete syndromic keratoconus	none
http://purl.obolibrary.org/obo/MONDO_0020215	obsolete syndromic corneal dystrophy	none
http://purl.obolibrary.org/obo/MONDO_0020216	obsolete secondary dysgenetic glaucoma	http://www.ebi.ac.uk/efo/EFO_0700122
http://purl.obolibrary.org/obo/MONDO_0020218	obsolete goniodysgenesis	none
http://purl.obolibrary.org/obo/MONDO_0020219	obsolete corneogoniodysgenesis	none
http://purl.obolibrary.org/obo/MONDO_0020220	obsolete corneoiridogoniodysgenesis	none
http://purl.obolibrary.org/obo/MONDO_0020222	obsolete rare disease with glaucoma as a major feature	none
http://purl.obolibrary.org/obo/MONDO_0020223	obsolete lens and zonula anomaly	none
http://purl.obolibrary.org/obo/MONDO_0020225	obsolete syndromic cataract	none
http://purl.obolibrary.org/obo/MONDO_0020235	obsolete lens size anomaly	none
http://purl.obolibrary.org/obo/MONDO_0020236	obsolete lens position anomaly	none
http://purl.obolibrary.org/obo/MONDO_0020237	obsolete lens shape anomaly	none
http://purl.obolibrary.org/obo/MONDO_0020238	obsolete inherited vitreous-retinal disease	none
http://purl.obolibrary.org/obo/MONDO_0020240	obsolete syndromic retinitis pigmentosa	http://www.ebi.ac.uk/efo/EFO_0700123
http://purl.obolibrary.org/obo/MONDO_0020245	obsolete disease predisposing to age-related macular degeneration	none
http://purl.obolibrary.org/obo/MONDO_0020251	obsolete rare strabismus and restriction syndrome	none
http://purl.obolibrary.org/obo/MONDO_0020258	obsolete oculomotor apraxia or related oculomotor disease	none
http://purl.obolibrary.org/obo/MONDO_0020275	obsolete oculocutaneous or ocular albinism	none
http://purl.obolibrary.org/obo/MONDO_0020286	obsolete aortic malformation	http://www.ebi.ac.uk/efo/EFO_0700124
http://purl.obolibrary.org/obo/MONDO_0020288	obsolete atrioventricular valve anomaly	http://www.ebi.ac.uk/efo/EFO_0700125
http://purl.obolibrary.org/obo/MONDO_0020339	obsolete X-linked complex spastic paraplegia	none
http://purl.obolibrary.org/obo/MONDO_0020343	obsolete alpha-crystallinopathy	http://www.ebi.ac.uk/efo/EFO_0700126
http://purl.obolibrary.org/obo/MONDO_0020346	obsolete synaptic congenital myasthenic syndrome	http://www.ebi.ac.uk/efo/EFO_0700128
http://purl.obolibrary.org/obo/MONDO_0020474	obsolete cheirospondyloenchondromatosis	none
http://purl.obolibrary.org/obo/MONDO_0020484	obsolete rare familial disorder with hypertrophic cardiomyopathy	none
http://purl.obolibrary.org/obo/MONDO_0020489	obsolete familial hyperreninemic hypoaldosteronism type 1	none
http://purl.obolibrary.org/obo/MONDO_0020506	obsolete ovarioleukodystrophy	http://www.ebi.ac.uk/efo/EFO_0700130
http://purl.obolibrary.org/obo/MONDO_0020524	obsolete primary parathyroid hyperplasia	http://www.ebi.ac.uk/efo/EFO_0700131
http://purl.obolibrary.org/obo/MONDO_0020595	obsolete disorder of retroperitoneum	none
http://purl.obolibrary.org/obo/MONDO_0020803	obsolete bundle branch block	none
http://purl.obolibrary.org/obo/MONDO_0021016	obsolete channelopathy	none
http://purl.obolibrary.org/obo/MONDO_0021027	obsolete genetic hair anomaly	none
http://purl.obolibrary.org/obo/MONDO_0021028	obsolete genetic nail anomaly	none
http://purl.obolibrary.org/obo/MONDO_0021145	obsolete disorder of genitourinary system	none
http://purl.obolibrary.org/obo/MONDO_0022397	obsolete retinal ciliopathy due to mutation in the retinitis pigmentosa-1 gene	none
http://purl.obolibrary.org/obo/MONDO_0025370	obsolete urogenital neoplasm	none
http://purl.obolibrary.org/obo/MONDO_0025511	obsolete inherited neuroendocrine tumor	none
http://purl.obolibrary.org/obo/MONDO_0026768	obsolete warfarin sensitivity, X-linked	none
http://purl.obolibrary.org/obo/MONDO_0029001	obsolete chemically-induced disorder	none
http://purl.obolibrary.org/obo/MONDO_0034024	obsolete kyphoscoliotic Ehlers-Danlos syndrome	http://www.ebi.ac.uk/efo/EFO_0700133
http://purl.obolibrary.org/obo/MONDO_0035162	obsolete PIK3CA-related overgrowth syndrome	http://www.ebi.ac.uk/efo/EFO_0700135
http://purl.obolibrary.org/obo/MONDO_0041161	obsolete endometrial hyperplasia	none
http://purl.obolibrary.org/obo/MONDO_0043005	obsolete genetic multiple congenital anomalies/dysmorphic syndrome	none
http://purl.obolibrary.org/obo/MONDO_0043008	obsolete genetic multiple congenital anomalies/dysmorphic syndrome without intellectual disability	none
http://purl.obolibrary.org/obo/MONDO_0044746	obsolete zoonotic bacterial infection	none
http://purl.obolibrary.org/obo/MONDO_0044965	obsolete abdominal and pelvic region disorder	none
http://purl.obolibrary.org/obo/MONDO_0045028	obsolete radiation or chemically induced disorder	none
http://purl.obolibrary.org/obo/MONDO_0060593	obsolete actn3 deficiency	none
http://purl.obolibrary.org/obo/MONDO_0100139	obsolete asymptomatic COVID-19 infection	none
http://purl.obolibrary.org/obo/MONDO_0100140	obsolete mild COVID-19 infection	none
http://purl.obolibrary.org/obo/MONDO_0100141	obsolete moderate COVID-19 infection	none
http://purl.obolibrary.org/obo/MONDO_0100142	obsolete severe COVID-19 infection	none
http://purl.obolibrary.org/obo/MONDO_0100143	obsolete critical COVID-19 infection	none
http://purl.obolibrary.org/obo/MONDO_0100229	obsolete Heimler syndrome	none
http://purl.obolibrary.org/obo/MONDO_0100343	obsolete antenatal Bartter syndrome	none
http://purl.obolibrary.org/obo/MONDO_0800084	obsolete primary bone dysplasia with increased bone density	http://www.ebi.ac.uk/efo/EFO_0700137
http://purl.obolibrary.org/obo/MONDO_0800086	obsolete primary bone dysplasia with multiple joint dislocations	http://www.ebi.ac.uk/efo/EFO_0700138
